# PD2 ItemStatCost.txt: stat id, stat, descpriority (higher = listed higher on the item).
# Extracted 2026-10-08 from pd2data.mpq by tools/pd2_data.py --extract.
0	strength	67
1	energy	61
2	dexterity	65
3	vitality	63
4	statpts	
5	newskills	
6	hitpoints	
7	maxhp	59
8	mana	
9	maxmana	55
10	stamina	
11	maxstamina	51
12	level	
13	experience	
14	gold	
15	goldbank	
16	item_armor_percent	74
17	item_maxdamage_percent	129
18	item_mindamage_percent	130
19	tohit	115
20	toblock	134
21	mindamage	127
22	maxdamage	126
23	secondary_mindamage	124
24	secondary_maxdamage	123
25	damagepercent	
26	manarecovery	
27	manarecoverybonus	52
28	staminarecoverybonus	48
29	lastexp	
30	nextexp	
31	armorclass	71
32	armorclass_vs_missile	69
33	armorclass_vs_hth	70
34	normal_damage_reduction	22
35	magic_damage_reduction	21
36	damageresist	22
37	magicresist	41
38	maxmagicresist	46
39	fireresist	36
40	maxfireresist	42
41	lightresist	38
42	maxlightresist	43
43	coldresist	40
44	maxcoldresist	44
45	poisonresist	34
46	maxpoisonresist	45
47	damageaura	
48	firemindam	102
49	firemaxdam	101
50	lightmindam	99
51	lightmaxdam	98
52	magicmindam	104
53	magicmaxdam	103
54	coldmindam	96
55	coldmaxdam	95
56	coldlength	
57	poisonmindam	92
58	poisonmaxdam	91
59	poisonlength	
60	lifedrainmindam	88
61	lifedrainmaxdam	
62	manadrainmindam	89
63	manadrainmaxdam	
64	stamdrainmindam	
65	stamdrainmaxdam	
66	stunlength	
67	velocitypercent	
68	attackrate	
69	other_animrate	
70	quantity	
71	value	
72	durability	
73	maxdurability	
74	hpregen	56
75	item_maxdurability_percent	3
76	item_maxhp_percent	58
77	item_maxmana_percent	54
78	item_attackertakesdamage	13
79	item_goldbonus	10
80	item_magicbonus	8
81	item_knockback	76
82	item_timeduration	
83	item_addclassskills	150
84	unsentparam1	
85	item_addexperience	11
86	item_healafterkill	16
87	item_reducedprices	8
88	item_doubleherbduration	
89	item_lightradius	6
90	item_lightcolor	
91	item_req_percent	0
92	item_levelreq	
93	item_fasterattackrate	145
94	item_levelreqpct	
95	lastblockframe	
96	item_fastermovevelocity	148
97	item_nonclassskill	81
98	state	
99	item_fastergethitrate	139
100	monster_playercount	
101	skill_poison_override_length	
102	item_fasterblockrate	136
103	skill_bypass_undead	
104	skill_bypass_demons	
105	item_fastercastrate	142
106	skill_bypass_beasts	
107	item_singleskill	81
108	item_restinpeace	81
109	curse_resistance	100
110	item_poisonlengthresist	18
111	item_normaldamage	122
112	item_howl	79
113	item_stupidity	80
114	item_damagetomana	11
115	item_ignoretargetac	119
116	item_fractionaltargetac	118
117	item_preventheal	81
118	item_halffreezeduration	19
119	item_tohit_percent	117
120	item_damagetargetac	75
121	item_demondamage_percent	112
122	item_undeaddamage_percent	108
123	item_demon_tohit	110
124	item_undead_tohit	106
125	item_throwable	5
126	item_elemskill	1
127	item_allskills	158
128	item_attackertakeslightdamage	14
129	ironmaiden_level	
130	lifetap_level	
131	thorns_percent	
132	bonearmor	
133	bonearmormax	
134	item_freeze	78
135	item_openwounds	83
136	item_crushingblow	87
137	item_kickdamage	121
138	item_manaafterkill	16
139	item_healafterdemonkill	15
140	item_extrablood	
141	item_deadlystrike	85
142	item_absorbfire_percent	23
143	item_absorbfire	27
144	item_absorblight_percent	24
145	item_absorblight	29
146	item_absorbmagic_percent	26
147	item_absorbmagic	33
148	item_absorbcold_percent	25
149	item_absorbcold	31
150	item_slow	77
151	item_aura	159
152	item_indesctructible	160
153	item_cannotbefrozen	20
154	item_staminadrainpct	49
155	item_reanimate	17
156	item_pierce	132
157	item_magicarrow	131
158	item_explosivearrow	133
159	item_throw_mindamage	
160	item_throw_maxdamage	
161	skill_handofathena	
162	skill_staminapercent	
163	skill_passive_staminapercent	
164	skill_concentration	
165	skill_enchant	
166	skill_pierce	
167	skill_conviction	
168	skill_chillingarmor	
169	skill_frenzy	
170	skill_decrepify	
171	skill_armor_percent	
172	alignment	
173	target0	
174	target1	
175	goldlost	
176	conversion_level	
177	conversion_maxhp	
178	unit_dooverlay	
179	attack_vs_montype	108
180	damage_vs_montype	106
181	fade	
182	armor_override_percent	
183	equipped_eth	
184	missing_hp	
185	uber_difficulty	100
186	map_glob_boss_dropskillers	208
187	map_glob_boss_dropcorruptedunique	208
188	item_addskill_tab	151
189	openwounds_stack	
190	curse_slots	
191	item_skillonequip	159
192	extra_shadow	149
193	extra_spiritwolf	149
194	item_numsockets	
195	item_skillonattack	160
196	item_skillonkill	160
197	item_skillondeath	160
198	item_skillonhit	160
199	item_skillonlevelup	160
200	item_skilloncast	160
201	item_skillongethit	160
202	item_skillonblock	160
203	item_skilloncrit	160
204	item_charged_skill	1
205	item_skillonpierce	160
206	desecrated	246
207	desecrator	245
208	progressive_mindblast	
209	joustreduction_zeraes	150
210	item_maxdeadlystrike	85
211	map_glob_boss_dropubermats	208
212	map_glob_boss_droppuzzlebox	208
213	item_mindamage_energy	53
214	item_armor_perlevel	72
215	item_armorpercent_perlevel	73
216	item_hp_perlevel	57
217	item_mana_perlevel	53
218	item_maxdamage_perlevel	125
219	item_maxdamage_percent_perlevel	128
220	item_strength_perlevel	66
221	item_dexterity_perlevel	64
222	item_energy_perlevel	60
223	item_vitality_perlevel	62
224	item_tohit_perlevel	114
225	item_tohitpercent_perlevel	116
226	item_cold_damagemax_perlevel	94
227	item_fire_damagemax_perlevel	100
228	item_ltng_damagemax_perlevel	97
229	item_pois_damagemax_perlevel	90
230	item_resist_cold_perlevel	39
231	item_resist_fire_perlevel	35
232	item_resist_ltng_perlevel	37
233	item_resist_pois_perlevel	33
234	item_absorb_cold_perlevel	32
235	item_absorb_fire_perlevel	28
236	item_absorb_ltng_perlevel	30
237	item_absorb_pois_perlevel	
238	item_thorns_perlevel	12
239	item_find_gold_perlevel	9
240	item_find_magic_perlevel	7
241	item_regenstamina_perlevel	47
242	item_stamina_perlevel	50
243	item_damage_demon_perlevel	111
244	item_damage_undead_perlevel	107
245	item_tohit_demon_perlevel	109
246	item_tohit_undead_perlevel	105
247	item_crushingblow_perlevel	86
248	item_openwounds_perlevel	82
249	item_kick_damage_perlevel	120
250	item_deadlystrike_perlevel	84
251	item_find_gems_perlevel	
252	item_replenish_durability	1
253	item_replenish_quantity	2
254	item_extra_stack	4
255	item_find_item	
256	item_crit_multiplier	85
257	item_ds_multiplier	86
258	item_crit_chance	84
259	item_crush_damage_percent	
260	item_thrust_damage	
261	item_thrust_damage_percent	
262	item_absorb_slash	
263	item_absorb_crush	
264	item_absorb_thrust	
265	item_absorb_slash_percent	
266	item_absorb_crush_percent	
267	item_absorb_thrust_percent	
268	item_crushingblow_efficiency	86
269	extra_cold_arrows	145
270	item_shiny_appearance	255
271	joustreduction_leorics	150
272	map_glob_dropsocketed	206
273	map_glob_dropbonus	206
274	map_glob_dropethereal	206
275	map_glob_bossdropstreasure	207
276	treacherous	249
277	map_mon_att	115
278	item_tohit_bytime	180
279	item_tohitpercent_bytime	180
280	item_cold_damagemax_bytime	180
281	item_fire_damagemax_bytime	180
282	item_ltng_damagemax_bytime	180
283	item_pois_damagemax_bytime	180
284	item_resist_cold_bytime	180
285	item_resist_fire_bytime	180
286	item_resist_ltng_bytime	180
287	item_resist_pois_bytime	180
288	item_absorb_cold_bytime	180
289	item_absorb_fire_bytime	180
290	item_absorb_ltng_bytime	180
291	item_absorb_pois_bytime	
292	item_find_gold_bytime	180
293	item_find_magic_bytime	180
294	item_regenstamina_bytime	180
295	item_stamina_bytime	180
296	item_damage_demon_bytime	180
297	item_damage_undead_bytime	180
298	item_tohit_demon_bytime	180
299	item_tohit_undead_bytime	180
300	item_crushingblow_bytime	180
301	item_openwounds_bytime	180
302	item_kick_damage_bytime	180
303	item_deadlystrike_bytime	180
304	item_find_gems_bytime	
305	item_pierce_cold	88
306	item_pierce_fire	88
307	item_pierce_ltng	88
308	item_pierce_pois	88
309	item_damage_vs_monster	
310	item_damage_percent_vs_monster	
311	item_tohit_vs_monster	
312	item_tohit_percent_vs_monster	
313	item_ac_vs_monster	
314	item_ac_percent_vs_monster	
315	firelength	
316	burningmin	
317	burningmax	
318	progressive_damage	
319	progressive_steal	
320	progressive_other	
321	progressive_fire	
322	progressive_cold	
323	progressive_lightning	
324	item_extra_charges	
325	progressive_tohit	
326	poison_count	
327	damage_framerate	
328	pierce_idx	
329	passive_fire_mastery	88
330	passive_ltng_mastery	88
331	passive_cold_mastery	88
332	passive_pois_mastery	88
333	passive_fire_pierce	88
334	passive_ltng_pierce	88
335	passive_cold_pierce	88
336	passive_pois_pierce	88
337	passive_critical_strike	
338	passive_dodge	
339	passive_avoid	
340	passive_evade	
341	passive_warmth	
342	passive_mastery_melee_th	
343	passive_mastery_melee_dmg	
344	passive_mastery_melee_crit	
345	passive_mastery_throw_th	
346	passive_mastery_throw_dmg	
347	passive_mastery_throw_crit	
348	passive_weaponblock	
349	passive_summon_resist	
350	modifierlist_skill	
351	modifierlist_level	
352	last_sent_hp_pct	
353	source_unit_type	
354	source_unit_id	
355	shortparam1	
356	questitemdifficulty	
357	passive_mag_mastery	88
358	passive_mag_pierce	
359	item_splashonhit	245
360	corrupted	246
361	corruptor	245
362	item_elemskill_cold	157
363	item_elemskill_fire	157
364	item_elemskill_lightning	157
365	item_elemskill_poison	157
366	item_elemskill_magic	157
367	skill_cold_enchant	
368	max_curses	159
369	map_defense	244
370	map_play_magicbonus	210
371	map_play_goldbonus	210
372	map_glob_density	211
373	map_play_addexperience	213
374	map_glob_arealevel	209
375	map_glob_monsterrarity	212
376	map_mon_firemindam	102
377	map_mon_firemaxdam	101
378	map_mon_lightmindam	99
379	map_mon_lightmaxdam	98
380	map_mon_magicmindam	104
381	map_mon_magicmaxdam	103
382	map_mon_coldmindam	96
383	map_mon_coldmaxdam	95
384	map_mon_coldlength	
385	map_mon_poisonmindam	92
386	map_mon_poisonmaxdam	91
387	map_mon_poisonlength	
388	map_mon_passive_fire_mastery	88
389	map_mon_passive_ltng_mastery	88
390	map_mon_passive_cold_mastery	88
391	map_mon_passive_pois_mastery	88
392	map_mon_fasterattackrate	145
393	map_mon_fastercastrate	142
394	map_mon_tohit	115
395	map_mon_ac%	114
396	map_mon_absorbcold_percent	25
397	map_mon_absorbmagic_percent	26
398	map_mon_absorblight_percent	24
399	map_mon_absorbfire_percent	23
400	map_mon_normal_damage_reduction	22
401	map_mon_velocitypercent	155
402	map_mon_hpregen	56
403	map_mon_lifedrainmindam	88
404	map_mon_fastergethitrate	139
405	map_mon_maxhp_percent	58
406	map_mon_pierce	132
407	map_mon_openwounds	83
408	map_mon_crushingblow	87
409	map_mon_curse_resistance	55
410	map_play_ac%	198
411	map_play_fastergethitrate	199
412	map_play_toblock	199
413	map_play_hpregen	204
414	map_mon_passive_fire_pierce	200
415	map_mon_passive_ltng_pierce	200
416	map_mon_passive_cold_pierce	200
417	map_mon_passive_pois_pierce	200
418	map_play_maxfireresist	204
419	map_play_maxlightresist	203
420	map_play_maxcoldresist	202
421	map_play_maxpoisonresist	201
422	item_replenish_charges	1
423	item_leap_speed	120
424	item_healafterhit	16
425	passive_phys_pierce	158
426	map_mon_ed%	115
427	map_mon_splash	160
428	map_play_fireresist	204
429	map_play_lightresist	203
430	map_play_coldresist	202
431	map_play_poisonresist	201
432	map_mon_phys_as_extra_ltng	200
433	map_mon_phys_as_extra_cold	200
434	map_mon_phys_as_extra_fire	200
435	map_mon_phys_as_extra_pois	200
436	map_mon_phys_as_extra_mag	200
437	map_glob_add_mon_doll	160
438	map_glob_add_mon_succ	160
439	map_glob_add_mon_vamp	160
440	map_glob_add_mon_cow	160
441	map_glob_add_mon_horde	160
442	map_glob_add_mon_ghost	160
443	extra_bonespears	120
444	extra_revives	151
445	immune_stat	88
446	mon_cooldown1	88
447	mon_cooldown2	88
448	mon_cooldown3	88
449	map_mon_deadlystrike	85
450	map_mon_cannotbefrozen	20
451	map_play_fasterattackrate	145
452	map_play_fastercastrate	142
453	map_mon_skillondeath	160
454	map_play_maxhp_percent	58
455	map_play_maxmana_percent	54
456	map_play_damageresist	60
457	map_play_velocitypercent	
458	heroic	249
459	extra_spirits	149
460	gustreduction	150
461	extra_skele_war	149
462	extra_skele_mage	149
463	extra_hydra	149
464	extra_valk	149
465	joustreduction	150
466	grims_extra_skele_mage	149
467	map_play_lightradius	196
468	blood_warp_life_reduction	150
469	pierce_count	
470	map_glob_add_mon_souls	160
471	map_glob_add_mon_fetish	160
472	dclone_clout	255
473	maxlevel_clout	255
474	dev_clout	255
475	extra_skele_archer	149
476	extra_golem	149
477	transform_dye	
478	inc_splash_radius	159
479	item_numsockets_textonly	1
480	rathma_clout	255
481	extra_holybolts	
482	pvp_cd	
483	dragonflightreduction	159
484	item_dmgpercent_pereth	158
485	corpseexplosionradius	159
486	mirrored	250
487	item_dmgpercent_permissinghppercent	158
488	lifedrain_percentcap	159
489	inc_splash_radius_permissinghp	158
490	eaglehorn_raven	160
491	pvp_disable	
492	pvp_lld_cd	
493	map_glob_skirmish_mode	248
494	map_mon_dropjewelry	205
495	map_mon_dropweapons	205
496	map_mon_droparmor	205
497	map_mon_dropcrafting	205
498	map_glob_extra_boss	206
499	map_glob_add_mon_shriek	160
500	map_force_event	203
501	deep_wounds	82
502	map_mon_dropcharms	205
503	map_glob_dropcorrupted	205
504	curse_effectiveness	38
505	map_glob_boss_dropfacet	208
506	map_mon_dropjewels	205
507	es_efficiency	
508	map_glob_sundermonsters	208
509	extra_grizzly	149
510	no_wolves	148
