# PD2 unique and set items from pd2data.mpq, extracted 2026-10-08 by tools/pd2_data.py --extract.
# kind, name, table name, base code, slot, caster, required level, properties as [[code, low, high], ...]
kind	name	index	code	slot	caster	lvlreq	props
UNI	The Gnasher	The Gnasher	hax	WEAPON	0	5	[[["STR",8,8]],[["STAT135",50,50]],[["STAT136",20,20]],[["ED",40,50]],[["STAT501",2,2]]]
UNI	Deathspade	Deathspade	axe	WEAPON	0	9	[[["STAT113",1,1]],[["MINDMG",8,8]],[["STAT119",15,15]],[["STAT138",4,4]],[["ED",60,70]],[["STAT141",10,10]]]
UNI	Bladebone	Bladebone	2ax	WEAPON	0	15	[[["STAT122",100,100]],[["STAT124",40,40]],[["IAS",20,20]],[["DEF",20,60]],[["MULTI198,4296",1,1]],[["ED",30,50]]]
UNI	Skull Splitter	Mindrend	mpi	WEAPON	0	21	[[["STAT113",2,2]],[["STAT27",20,20]],[["STAT50",1,1]],[["STAT51",60,60]],[["AR",50,100]],[["ED",60,80]],[["STAT135",15,15]],[["STAT501",12,16]]]
UNI	Rakescar	Rakescar	wax	WEAPON	0	27	[[["STAT57",194,194]],[["STAT58",194,194]],[["STAT59",50,50]],[["AR",50,100]],[["PRES",50,50]],[["ED",75,150]],[["IAS",30,30]]]
UNI	Axe of Fechmar	Fechmars Axe	lax	WEAPON	0	8	[[["ED",70,90]],[["STAT134",3,3]],[["CRES",50,50]],[["STAT89",2,2]],[["IAS",40,40]]]
UNI	Goreshovel	Goreshovel	bax	WEAPON	0	14	[[["IAS",30,30]],[["STR",25,25]],[["STAT135",60,60]],[["ED",30,50]],[["MAXDMG",9,9]],[["STAT501",8,12]]]
UNI	The Chieftain	The Chieftan	btx	WEAPON	0	19	[[["ED",150,180]],[["RES",10,20],["FRES",10,20],["LRES",10,20],["CRES",10,20],["PRES",10,20]],[["STAT138",6,6]],[["IAS",40,40]],[["STAT51",40,40],["STAT50",1,1]]]
UNI	Brainhew	Brainhew	gax	WEAPON	0	25	[[["MINDMG",14,14]],[["MANA",25,25]],[["STAT89",4,4]],[["STAT62",10,13]],[["ED",170,200]],[["STAT49",35,35],["STAT48",15,15]],[["IAS",40,40]]]
UNI	Humongous	The Humongous	gix	WEAPON	0	29	[[["STR",20,30]],[["MINDMG",8,8]],[["MAXDMG",15,25]],[["STAT136",33,33]],[["STAT91",20,20]],[["ED",180,240]],[["IAS",20,20]],[["STAT478",20,20]]]
UNI	Torch of Iro	Iros Torch	wnd	WEAPON	1	5	[[["CLSK2",1,1]],[["STAT60",6,6]],[["STAT49",9,9],["STAT48",5,5]],[["STAT89",3,3]],[["STAT1",10,10]],[["STAT27",5,5]],[["FCR",10,10]]]
UNI	Maelstrom	Maelstromwrath	ywn	WEAPON	1	14	[[["LRES",40,40]],[["MANA",13,13]],[["FCR",30,30]],[["SK74",1,3]],[["SK77",1,3]],[["SK66",1,3]],[["SK76",1,3]],[["STAT138",1,2]]]
UNI	Gravenspine	Gravenspine	bwn	WEAPON	1	20	[[["STR",10,10]],[["DEX",10,10]],[["STAT54",4,4]],[["STAT55",8,8]],[["STAT56",75,75]],[["STAT62",5,5]],[["CLSK2",2,2]],[["MANA",25,50]],[["SK70",1,2]],[["SK80",1,2]]]
UNI	Ume's Lament	Umes Lament	gwn	WEAPON	1	28	[[["CLSK2",2,2]],[["MANA",40,40]],[["FCR",20,20]],[["STAT112",64,64]],[["SK77",3,3]],[["SK87",2,2]]]
UNI	Felloak	Felloak	clb	WEAPON	0	3	[[["LRES",30,50]],[["FRES",15,30]],[["STAT81",1,1]],[["STAT48",6,6]],[["STAT49",8,8]],[["ED",70,80]],[["SK225",2,3]]]
UNI	Knell Striker	Knell Striker	scp	WEAPON	1	5	[[["STAT136",25,25]],[["FRES",20,20]],[["PRES",20,20]],[["MANA",15,15]],[["AR",35,35]],[["ED",70,80]]]
UNI	Rusthandle	Rusthandle	gsc	WEAPON	1	17	[[["CLSK3",1,1]],[["MAXDMG",7,7],["MINDMG",3,3]],[["STAT35",1,1]],[["STAT60",8,8]],[["ED",50,60]],[["STAT122",50,60]],[["SK111",1,3]],[["SK103",3,3]]]
UNI	Stormeye	Stormeye	wsp	WEAPON	1	23	[[["STAT50",1,1]],[["STAT51",30,30]],[["STAT55",25,25],["STAT54",17,17]],[["STAT74",10,10]],[["ED",80,120]],[["SK110",3,5]],[["SK118",3,3]],[["SK121",2,3]]]
UNI	Stoutnail	Stoutnail	spc	WEAPON	0	5	[[["STAT78",3,10]],[["ED",100,100]],[["STAT3",7,14]],[["STAT35",2,4]],[["SK224",3,4]]]
UNI	Crushflange	Crushflange	mac	WEAPON	0	9	[[["STR",15,15]],[["STAT89",2,2]],[["FRES",40,50]],[["ED",80,100]],[["STAT136",33,33]]]
UNI	Bloodrise	Bloodrise	mst	WEAPON	0	15	[[["ED",100,100]],[["STAT119",50,50]],[["STAT135",25,25]],[["STAT501",6,8]],[["IAS",20,30]],[["SK96",3,3]],[["STAT60",4,6]]]
UNI	The General's Tan Do Li Ga	The Generals Tan Do Li Ga	fla	WEAPON	0	21	[[["MINDMG",10,10]],[["MAXDMG",30,40]],[["STAT150",10,10]],[["DEF",25,75]],[["STAT62",5,5]],[["ED",50,60]],[["IAS",20,20]]]
UNI	Ironstone	Ironstone	whm	WEAPON	0	27	[[["AR",100,150]],[["ED",100,150]],[["STAT50",1,1]],[["STAT51",50,50]],[["STR",10,10]],[["IAS",20,20]]]
UNI	Bonesnap	Bonesob	mau	WEAPON	0	24	[[["ED",200,300]],[["STAT136",20,40]],[["FRES",20,30]],[["CRES",20,30]],[["STAT122",50,50]]]
UNI	Steeldriver	Steeldriver	gma	WEAPON	0	29	[[["STAT91",-50,-50]],[["IAS",40,40]],[["STAT28",25,25]],[["ED",180,280]]]
UNI	Rixot's Keen	Rixots Keen	ssd	WEAPON	0	2	[[["MINDMG",5,5]],[["STAT119",20,20]],[["STAT89",2,2]],[["STAT136",25,25]],[["DEF",25,25]],[["ED",100,100]]]
UNI	Blood Crescent	Blood Crescent	scm	WEAPON	0	7	[[["RES",15,15],["FRES",15,15],["LRES",15,15],["CRES",15,15],["PRES",15,15]],[["ED",40,60]],[["STAT501",4,4]],[["STAT89",4,4]],[["STAT135",33,33]],[["IAS",15,15]],[["STAT60",15,15]]]
UNI	Skewer of Krintiz	Krintizs Skewer	sbr	WEAPON	0	10	[[["STAT115",1,1]],[["STR",10,10]],[["DEX",10,10]],[["STAT62",7,7]],[["ED",50,70]],[["MAXDMG",10,10],["MINDMG",5,5]]]
UNI	Gleamscythe	Gleamscythe	flc	WEAPON	0	13	[[["STAT89",3,3]],[["MANA",30,30]],[["DEF",20,20]],[["IAS",20,20]],[["ED",60,100]],[["STAT54",3,6]],[["STAT55",6,10]],[["STAT56",50,50]]]
UNI	Griswold's Edge	Griswolds Edge	bsd	WEAPON	0	17	[[["STAT48",20,25]],[["STAT49",30,35]],[["AR",100,100]],[["IAS",30,30]],[["ED",80,120]],[["STR",12,12]]]
UNI	Hellplague	Hellplague	lsd	WEAPON	0	22	[[["STAT62",5,5]],[["STAT60",5,5]],[["STAT57",48,48]],[["STAT58",96,96]],[["STAT59",150,150]],[["ED",70,80]],[["STAT49",75,75],["STAT48",25,25]],[["MULTI126,1",2,2],["STAT363",2,2]]]
UNI	Culwen's Point	Culwens Point	wsd	WEAPON	0	29	[[["ALLSK",1,1]],[["STAT110",50,50]],[["FHR",20,20]],[["IAS",20,20]],[["AR",60,120]],[["ED",120,150]]]
UNI	Shadowfang	Shadowfang	2hs	WEAPON	0	12	[[["STAT62",9,9]],[["CRES",20,20]],[["STAT89",-2,-2]],[["STAT55",30,30],["STAT54",10,10]],[["ED",120,160]],[["STAT60",9,9]],[["IAS",20,20]]]
UNI	Soulflay	Soulflay	clm	WEAPON	0	19	[[["STAT62",4,10]],[["STAT60",4,10]],[["ED",100,130]],[["RES",10,15],["FRES",10,15],["LRES",10,15],["CRES",10,15],["PRES",10,15]],[["IAS",30,30]]]
UNI	Kinemil's Awl	Kinemils Awl	gis	WEAPON	0	23	[[["AR",100,150]],[["IAS",20,20]],[["STAT48",16,16]],[["STAT49",40,40]],[["ED",80,100]],[["SK102",4,6]]]
UNI	Blacktongue	Blacktongue	bsw	WEAPON	0	26	[[["STAT58",1226,1226],["STAT57",1022,1022]],[["STAT117",1,1]],[["AR",50,100]],[["PRES",30,50]],[["ED",50,80]],[["IAS",30,30]]]
UNI	Ripsaw	Ripsaw	flb	WEAPON	0	26	[[["STAT135",80,80]],[["MAXDMG",15,15]],[["STAT62",6,6]],[["ED",120,160]],[["IAS",30,30]],[["STAT501",30,30]]]
UNI	The Patriarch	The Patriarch	gsd	WEAPON	0	29	[[["STAT34",2,5]],[["STAT35",2,5]],[["STAT113",1,1]],[["GFIND",100,100]],[["ED",230,260]],[["STR",10,10]],[["IAS",-40,-40]]]
UNI	Gull	Gull	dgr	WEAPON	0	4	[[["MINDMG",1,1]],[["MAXDMG",15,15]],[["MFIND",100,100]],[["MANA",-5,-5]],[["STAT141",20,20]]]
UNI	The Diggler	The Diggler	dir	WEAPON	0	11	[[["DEX",10,10]],[["ED",70,90]],[["IAS",30,30]],[["CRES",25,25]],[["FRES",25,25]],[["STAT115",1,1]],[["STAT141",20,20]]]
UNI	The Jade Tan Do	The Jade Tan Do	kri	WEAPON	0	19	[[["AR",100,150]],[["STAT153",1,1]],[["STAT58",460,460],["STAT57",460,460]],[["PRES",50,75]],[["STAT46",10,10]],[["SK73",2,2]],[["MULTI126,5",1,2],["STAT365",1,2]],[["STAT141",20,20]]]
UNI	Spectral Shard	Irices Shard	bld	WEAPON	0	25	[[["FCR",50,50]],[["MANA",50,50]],[["AR",55,55]],[["RES",10,20],["FRES",10,20],["LRES",10,20],["CRES",10,20],["PRES",10,20]],[["STAT141",20,20]]]
UNI	The Dragon Chang	The Dragon Chang	spr	WEAPON	0	8	[[["AR",35,35]],[["MINDMG",10,10]],[["STAT89",2,2]],[["STAT122",100,100]],[["STAT49",6,6],["STAT48",3,3]],[["SK19",4,6]]]
UNI	Razortine	Razortine	tri	WEAPON	0	12	[[["STAT150",25,25]],[["STAT116",50,50]],[["STR",15,15]],[["DEX",8,8]],[["IAS",30,30]],[["ED",30,50]]]
UNI	Bloodthief	Bloodthief	brn	WEAPON	0	17	[[["STAT135",35,35]],[["STR",10,10]],[["STAT60",8,12]],[["LIFE",26,26]],[["ED",50,110]],[["STAT501",10,10]]]
UNI	Lance of Yaggai	Lance of Yaggai	spt	WEAPON	0	22	[[["STAT78",24,24]],[["STAT50",1,1]],[["STAT51",60,60]],[["RES",15,15],["FRES",15,15],["LRES",15,15],["CRES",15,15],["PRES",15,15]],[["IAS",40,40]],[["SK14",2,3]],[["SK24",1,2]]]
UNI	The Tannr Gorerod	The Tannr Gorerod	pik	WEAPON	0	27	[[["STAT48",23,23]],[["STAT49",54,54]],[["STAT40",5,10]],[["LIFE",30,30]],[["AR",80,160]],[["STAT89",3,3]],[["FRES",15,15]],[["ED",160,180]]]
UNI	Dimoak's Hew	Dimoaks Hew	bar	WEAPON	0	8	[[["DEX",15,15]],[["ED",100,100]],[["IAS",40,40]],[["DEF",-8,-8]]]
UNI	Steelgoad	Steelgoad	vou	WEAPON	0	14	[[["STAT112",14,14]],[["STAT141",50,50]],[["AR",30,30]],[["RES",5,5],["FRES",5,5],["LRES",5,5],["CRES",5,5],["PRES",5,5]],[["ED",60,80]]]
UNI	Soul Harvest	Soul Harvest	scy	WEAPON	0	19	[[["STAT58",820,820],["STAT57",820,820]],[["AR",45,45]],[["RES",20,20],["FRES",20,20],["LRES",20,20],["CRES",20,20],["PRES",20,20]],[["ED",50,80]],[["STAT62",10,10]],[["SK381",4,6]],[["FCR",40,40]]]
UNI	The Battlebranch	The Battlebranch	pax	WEAPON	0	25	[[["IAS",30,30]],[["DEX",10,10]],[["ED",70,130]],[["AR",50,100]],[["STAT60",7,7]]]
UNI	Woestave	Woestave	hal	WEAPON	0	28	[[["STAT150",20,20]],[["STAT135",50,50]],[["STAT113",3,3]],[["STAT120",-50,-50]],[["STAT134",1,1]],[["STAT89",-3,-3]],[["STAT501",30,40]],[["ED",40,80]]]
UNI	The Grim Reaper	The Grim Reaper	wsc	WEAPON	0	29	[[["STAT141",75,75]],[["IAS",20,20]],[["STAT332",10,20]],[["STAT62",5,5]],[["ED",90,140]],[["MINDMG",15,15]]]
UNI	Bane Ash	Bane Ash	sst	WEAPON	1	5	[[["MULTI200,2312",1,1]],[["FRES",50,50]],[["MANA",30,30]],[["IAS",20,20]],[["ED",50,60]],[["SK36",3,3]],[["MULTI126,1",1,2],["STAT363",1,2]],[["FCR",10,10]]]
UNI	Serpent Lord	Serpent Lord	lst	WEAPON	1	9	[[["STAT58",40,40],["STAT57",40,40]],[["PRES",50,50]],[["MULTI200,15043",1,1]],[["MANA",10,10]],[["ED",30,40]],[["STAT62",100,100]],[["STAT116",50,50]],[["MULTI200,14415",1,1]],[["FCR",20,20]]]
UNI	Spire of Lazarus	Lazarus Spire	cst	WEAPON	1	18	[[["LRES",50,75]],[["STAT34",5,5]],[["STAT1",15,15]],[["SK53",2,2]],[["SK49",2,2]],[["MULTI200,2703",1,1]],[["STAT27",35,45]],[["STAT51",280,280],["STAT50",1,1]],[["ALLSK",2,3]],[["FCR",40,40]]]
UNI	The Salamander	The Salamander	bst	WEAPON	1	21	[[["STAT49",32,32],["STAT48",15,15]],[["FRES",30,30]],[["SK51",2,3]],[["SK47",2,2]],[["SK37",2,2]],[["MULTI126,1",2,3],["STAT363",2,3]],[["MULTI200,24526",1,1]],[["FCR",10,10]]]
UNI	The Iron Jang Bong	The Iron Jang Bong	wst	WEAPON	1	28	[[["DEF",30,30]],[["FCR",30,50]],[["ED",100,100]],[["STAT119",50,50]],[["MULTI200,3092",1,1]],[["MULTI200,2968",1,1]],[["MULTI200,2840",1,1]],[["ALLSK",2,2]],[["FCR",10,10]]]
UNI	Pluckeye	Pluckeye	sbw	WEAPON	0	7	[[["AR",28,28]],[["ED",100,100]],[["LIFE",10,10]],[["STAT89",2,2]],[["STAT62",3,3]],[["STAT138",2,2]],[["OS11",2,3]]]
UNI	Witherstring	Witherstring	hbw	WEAPON	0	13	[[["IAS",30,30]],[["MINDMG",3,3]],[["MAXDMG",6,6]],[["AR",50,50]],[["STAT157",6,6]],[["ED",40,50]]]
UNI	Raven Claw	Rimeraven	lbw	WEAPON	0	15	[[["STAT119",50,50]],[["DEX",3,3]],[["STAT158",3,3]],[["STR",3,3]],[["ED",60,70]]]
UNI	Rogue's Bow	Piercerib	cbw	WEAPON	0	20	[[["RES",10,10],["FRES",10,10],["LRES",10,10],["CRES",10,10],["PRES",10,10]],[["STAT141",30,30]],[["AR",60,60]],[["STAT122",100,100]],[["ED",80,120]],[["IAS",20,20]],[["SK22",2,3]]]
UNI	Stormstrike	Pullspite	sbb	WEAPON	0	25	[[["STAT50",1,1]],[["STAT51",60,60]],[["STR",8,8]],[["AR",28,84]],[["STAT156",25,50]],[["LRES",25,25]],[["ED",140,170]]]
UNI	Wizendraw	Wizendraw	lbb	WEAPON	0	26	[[["STAT157",5,5]],[["MANA",30,30]],[["IAS",30,30]],[["CRES",26,26]],[["AR",50,100]],[["ED",70,80]],[["STAT1",15,15]],[["STAT335",20,35]]]
UNI	Hellclap	Hellclap	swb	WEAPON	0	27	[[["IAS",20,20]],[["STAT48",15,15]],[["STAT49",30,50]],[["AR",50,75]],[["FRES",40,40]],[["DEX",12,12]],[["ED",120,160]],[["MULTI126,1",2,3],["STAT363",2,3]],[["STAT156",20,20]]]
UNI	Blastbark	Blastbark	lwb	WEAPON	0	28	[[["ED",120,150]],[["STR",5,5]],[["CLSK0",1,2]],[["STAT62",3,3]],[["OS16",2,3]],[["STAT81",1,1]],[["STAT156",20,20]]]
UNI	Leadcrow	Leadcrow	lxb	WEAPON	0	9	[[["DEX",10,10]],[["LIFE",10,10]],[["ED",70,70]],[["PRES",30,30]],[["STAT141",25,25]],[["AR",40,40]],[["IAS",20,20]]]
UNI	Ichorsting	Ichorsting	mxb	WEAPON	0	18	[[["STAT58",340,340],["STAT57",340,340]],[["DEX",20,20]],[["STAT156",50,50]],[["AR",50,50]],[["ED",50,80]],[["IAS",20,20]]]
UNI	Hellcast	Hellcast	hxb	WEAPON	0	27	[[["STAT158",5,5]],[["STAT40",15,15]],[["FRES",15,15]],[["AR",70,70]],[["IAS",40,40]],[["ED",70,80]],[["STAT49",50,50],["STAT48",30,30]]]
UNI	Doomslinger	Doomspittle	rxb	WEAPON	0	28	[[["CLSK0",1,2]],[["STAT156",35,35]],[["IAS",30,30]],[["LIFE",30,40]],[["ED",90,140]],[["MULTI198,3020",1,1]]]
UNI	Biggin's Bonnet	War Bonnet	cap	HELM	0	3	[[["LIFE",15,15]],[["AR",30,50]],[["ED",30,50]],[["MANA",15,15]],[["DEF",14,14]]]
UNI	Tarnhelm	Tarnhelm	skp	HELM	0	15	[[["GFIND",75,75]],[["MFIND",25,50]],[["ALLSK",1,1]],[["STAT138",2,3]]]
UNI	Coif of Glory	Coif of Glory	hlm	HELM	0	14	[[["STAT128",17,17]],[["STAT113",1,1]],[["LRES",15,15]],[["STAT32",100,100]],[["DEF",10,10]],[["STAT86",2,3]]]
UNI	Duskdeep	Duskdeep	fhl	HELM	0	17	[[["STAT89",-2,-2]],[["RES",15,15],["FRES",15,15],["LRES",15,15],["CRES",15,15],["PRES",15,15]],[["STAT34",7,7]],[["MAXDMG",10,15]],[["DEF",10,20]],[["ED",30,50]]]
UNI	Wormskull	Wormskull	bhm	HELM	0	21	[[["CLSK2",1,1]],[["STAT60",5,5]],[["MANA",10,10]],[["PRES",25,25]],[["TABSK17",1,1]],[["STAT58",306,306],["STAT57",306,306]]]
UNI	Howltusk	Howltusk	ghm	HELM	0	25	[[["STAT35",2,2]],[["STAT78",30,30]],[["ED",80,80]],[["DTM",35,35]],[["IAS",20,20]],[["MULTI198,8325",1,1]]]
UNI	Undead Crown	Undead Crown	crn	HELM	0	29	[[["STAT60",5,5]],[["DEF",40,40]],[["PRES",50,50]],[["STAT118",1,1]],[["STAT122",50,50]],[["STAT124",50,100]],[["OS69",6,8]],[["OS70",6,8]]]
UNI	The Face of Horror	The Face of Horror	msk	HELM	0	20	[[["STAT112",64,64]],[["STR",20,20]],[["RES",15,20],["FRES",15,20],["LRES",15,20],["CRES",15,20],["PRES",15,20]],[["STAT122",50,50]],[["DEF",25,25]]]
UNI	Greyform	Greyform	qui	CHEST	0	7	[[["STAT35",3,3]],[["CRES",20,20]],[["FRES",20,20]],[["DEX",10,10]],[["STAT60",5,5]],[["DEF",20,20]]]
UNI	Blinkbat's Form	Blinkbats Form	lea	CHEST	0	12	[[["STAT32",50,50]],[["FRW",20,20]],[["DEF",25,25]],[["STAT48",10,10]],[["STAT49",15,15]],[["FHR",40,40]]]
UNI	The Centurion	The Centurion	hla	CHEST	0	14	[[["DEF",30,30]],[["AR",50,50]],[["STAT34",2,2]],[["LIFE",15,15]],[["MANA",15,15]],[["STAT20",20,20]],[["STAT74",5,15]],[["ED",30,30]]]
UNI	Twitchthroe	Twitchthroe	stu	CHEST	0	16	[[["IAS",20,40]],[["DEX",10,10]],[["STAT20",25,25]],[["DEF",25,25]],[["STR",10,10]],[["FHR",20,20]]]
UNI	Darkglow	Darkglow	rng	CHEST	0	14	[[["AR",60,120]],[["MAXRES",2,5],["STAT40",2,5],["STAT42",2,5],["STAT44",2,5],["STAT46",2,5]],[["STAT89",3,3]],[["STAT33",50,50]],[["RES",10,15],["FRES",10,15],["LRES",10,15],["CRES",10,15],["PRES",10,15]],[["ED",70,100]]]
UNI	Hawkmail	Hawkmail	scl	CHEST	0	15	[[["ED",80,100]],[["STAT44",5,5]],[["CRES",20,30]],[["STAT153",1,1]],[["FRW",25,25]],[["OS221",2,3]]]
UNI	Sparking Mail	Sparking Mail	chn	CHEST	0	17	[[["ED",75,85]],[["STAT51",45,45],["STAT50",1,1]],[["STAT128",20,28]],[["LRES",30,30]],[["STAT330",5,10]]]
UNI	Venom Ward	Venomsward	brs	CHEST	0	20	[[["STAT46",5,8]],[["STAT110",50,50]],[["PRES",40,60]],[["STAT89",2,2]],[["ED",60,100]],[["STAT336",6,12]]]
UNI	Iceblink	Iceblink	spl	CHEST	0	22	[[["STAT134",1,1]],[["CRES",20,35]],[["STAT89",4,4]],[["STAT35",2,6]],[["ED",70,80]],[["MULTI126,4",1,2],["STAT362",1,2]]]
UNI	Boneflesh	Boneflesh	plt	CHEST	0	26	[[["STAT60",5,5]],[["ED",100,120]],[["AR",235,235]],[["STAT135",25,25]],[["STAT501",24,32]],[["MULTI201,4367",1,1]]]
UNI	Rockfleece	Rockfleece	fld	CHEST	0	28	[[["STAT91",-10,-10]],[["ED",100,130]],[["STAT36",10,15]],[["STAT34",5,10]],[["STR",10,15]]]
UNI	Rattlecage	Rattlecage	gth	CHEST	0	29	[[["STAT112",10,10]],[["AR",100,145]],[["STAT136",25,25]],[["DEF",200,200]],[["ED",60,90]]]
UNI	Goldskin	Goldskin	ful	CHEST	0	28	[[["ED",120,150]],[["RES",35,35],["FRES",35,35],["LRES",35,35],["CRES",35,35],["PRES",35,35]],[["STAT78",40,40]],[["STAT89",2,2]],[["GFIND",100,200]]]
UNI	Silks of the Victor	Victors Silk	aar	CHEST	0	28	[[["STAT62",2,5]],[["ALLSK",1,1]],[["STAT89",2,2]],[["ED",100,120]],[["FRW",25,25]],[["STAT86",2,4]]]
UNI	Heavenly Garb	Heavenly Garb	ltp	CHEST	0	29	[[["ED",100,100]],[["RES",10,20],["FRES",10,20],["LRES",10,20],["CRES",10,20],["PRES",10,20]],[["STAT27",25,25]],[["STAT1",15,15]],[["STAT122",50,50]],[["STAT124",100,100]],[["MULTI151,119",4,6]],[["MULTI126,3",1,1],["STAT366",1,1]]]
UNI	Pelta Lunata	Pelta Lunata	buc	SHIELD	0	2	[[["DEF",30,30]],[["STAT3",10,10]],[["STR",2,2]],[["STAT1",10,10]],[["ED",30,40]],[["STAT20",20,20]],[["FBR",40,40]]]
UNI	Umbral Disk	Umbral Disk	sml	SHIELD	0	9	[[["STAT113",1,1]],[["DEX",10,10]],[["DEF",30,30]],[["LIFE",20,20]],[["MAXDMG",8,8],["MINDMG",4,4]],[["ED",40,50]],[["STAT20",30,30]]]
UNI	Stormguild	Stormguild	lrg	SHIELD	0	13	[[["STAT35",1,3]],[["LRES",25,25]],[["DEF",30,30]],[["STAT51",18,18],["STAT50",1,1]],[["ED",50,60]],[["STAT20",30,30]],[["STAT128",9,9]]]
UNI	Wall of the Eyeless	Wall of the Eyeless	bsh	SHIELD	0	20	[[["STAT138",3,5]],[["STAT62",3,3]],[["FCR",20,20]],[["PRES",20,20]],[["ED",30,40]],[["DEF",10,10]],[["CRES",20,20]],[["FRES",20,20]]]
UNI	Swordback Hold	Swordback Hold	spk	SHIELD	0	15	[[["STAT78",25,32]],[["STAT20",20,20]],[["STAT135",50,50]],[["STAT140",3,5]],[["ED",30,60]],[["STAT501",8,8]],[["DEF",10,10]]]
UNI	Steelclash	Steelclash	kit	SHIELD	0	17	[[["STAT20",25,25]],[["ALLSK",1,1]],[["STAT89",3,3]],[["ED",60,100]],[["FBR",20,20]],[["RES",5,10],["FRES",5,10],["LRES",5,10],["CRES",5,10],["PRES",5,10]],[["DEF",20,20]]]
UNI	Bverrit Keep	Bverrit Keep	tow	SHIELD	0	19	[[["DEF",30,30]],[["FRES",30,50]],[["STR",5,15]],[["STAT35",5,5]],[["ED",80,120]],[["STAT20",10,10]],[["STAT36",5,10]]]
UNI	The Ward	The Ward	gts	SHIELD	0	26	[[["DEF",40,40]],[["STAT35",2,2]],[["STR",10,10]],[["STAT20",10,10]],[["ED",100,100]],[["RES",30,50],["FRES",30,50],["LRES",30,50],["CRES",30,50],["PRES",30,50]]]
UNI	The Hand of Broc	The Hand of Broc	lgl	GLOVES	0	5	[[["STAT62",3,3]],[["STAT60",3,3]],[["PRES",10,10]],[["MANA",20,20]],[["DEF",10,10]],[["ED",10,20]],[["ED",20,30]]]
UNI	Bloodfist	Bloodfist	vgl	GLOVES	0	9	[[["MAXDMG",5,10]],[["LIFE",40,40]],[["FHR",30,30]],[["DEF",10,10]],[["ED",10,20]],[["IAS",10,10]]]
UNI	Chance Guards	Chance Guards	mgl	GLOVES	0	15	[[["GFIND",200,200]],[["MFIND",25,40]],[["AR",25,25]],[["DEF",15,15]],[["STAT89",2,2]],[["ED",20,30]],[["STAT138",1,2]]]
UNI	Magefist	Magefist	tgl	GLOVES	0	23	[[["FCR",20,20]],[["STAT27",15,25]],[["MULTI126,1",1,1],["STAT363",1,1]],[["STAT49",36,36],["STAT48",6,6]],[["DEF",10,10]],[["ED",20,30]]]
UNI	Frostburn	Frostburn	hgl	GLOVES	0	29	[[["DEF",20,40]],[["STAT49",28,28],["STAT48",14,14]],[["STAT77",15,25]],[["STAT55",22,22],["STAT54",6,6]],[["ED",10,20]],[["STAT335",5,10]],[["STAT333",5,10]]]
UNI	Hotspur	Hotspur	lbt	BOOTS	0	5	[[["STAT40",4,6]],[["LIFE",15,15]],[["STAT49",6,6],["STAT48",3,3]],[["DEF",6,6]],[["FRES",20,30]],[["ED",10,20]]]
UNI	Gorefoot	Gorefoot	vbt	BOOTS	0	12	[[["STAT140",3,5]],[["FRW",25,25]],[["STAT62",2,4]],[["STAT423",20,30]],[["ED",20,30]],[["SK132",2,2]]]
UNI	Treads of Cthon	Treads of Cthon	mbt	BOOTS	0	15	[[["FRW",30,30]],[["STAT32",50,50]],[["STAT154",50,50]],[["LIFE",10,30]],[["DEF",12,12]],[["ED",30,40]],[["STAT156",20,20]]]
UNI	Goblin Toe	Goblin Toe	tbt	BOOTS	0	22	[[["STAT136",15,25]],[["STAT34",3,5]],[["STAT35",3,5]],[["DEF",15,15]],[["FRW",20,20]],[["ED",50,60]],[["ED",20,30]]]
UNI	Tearhaunch	Tearhaunch	hbt	BOOTS	0	29	[[["DEF",35,35]],[["STR",5,10]],[["DEX",5,10]],[["FRW",20,20]],[["RES",10,10],["FRES",10,10],["LRES",10,10],["CRES",10,10],["PRES",10,10]],[["ED",60,80]],[["SK115",1,2]],[["TABSK26",2,2]]]
UNI	Lenymo	Lenyms Cord	lbl	BELT	0	7	[[["MANA",15,15]],[["STAT27",20,30]],[["RES",5,5],["FRES",5,5],["LRES",5,5],["CRES",5,5],["PRES",5,5]],[["STAT89",1,1]],[["FCR",10,10]]]
UNI	Snakecord	Snakecord	vbl	BELT	0	12	[[["STAT332",4,6]],[["PRES",25,25]],[["DEF",10,10]],[["ED",20,30]],[["STAT74",5,15]],[["STAT110",50,50]]]
UNI	Nightsmoke	Nightsmoke	mbl	BELT	0	20	[[["RES",10,10],["FRES",10,10],["LRES",10,10],["CRES",10,10],["PRES",10,10]],[["DTM",50,50]],[["MANA",20,20]],[["STAT34",2,2]],[["DEF",15,15]],[["ED",30,50]]]
UNI	Goldwrap	Goldwrap	tbl	BELT	0	27	[[["MFIND",20,40]],[["STAT89",2,2]],[["DEF",25,25]],[["IAS",20,20]],[["ED",40,60]],[["GFIND",50,80]]]
UNI	Bladebuckle	Bladebuckle	hbl	BELT	0	39	[[["STAT78",420,480]],[["DEF",30,30]],[["STAT34",4,7]],[["STR",5,5]],[["DEX",10,10]],[["ED",80,100]],[["FHR",20,30]]]
UNI	Nokozan Relic	Nokozan Relic	amu	amu	0	10	[[["STAT48",3,6]],[["STAT49",7,12]],[["STAT40",4,8]],[["FRES",20,35]],[["STAT89",3,3]],[["FHR",20,30]]]
UNI	The Eye of Etlich	The Eye of Etlich	amu	amu	0	15	[[["STAT32",10,40]],[["STAT89",1,5]],[["ALLSK",1,1]],[["STAT60",3,7]],[["STAT54",4,6]],[["STAT55",12,20]],[["STAT56",50,250]]]
UNI	The Mahim-Oak Curio	The Mahim-Oak Curio	amu	amu	0	25	[[["ALLATTRIB",5,10],["STR",5,10],["STAT1",5,10],["DEX",5,10],["STAT3",5,10]],[["DEF",5,10]],[["STAT119",30,50]],[["RES",5,10],["FRES",5,10],["LRES",5,10],["CRES",5,10],["PRES",5,10]],[["ED",5,10]],[["FCR",5,10]]]
UNI	Nagelring	Nagelring	rin	rin	0	7	[[["STAT35",3,3]],[["STAT78",3,3]],[["AR",50,75]],[["MFIND",15,40]],[["STAT138",1,1]]]
UNI	Manald Heal	Manald Heal	rin	rin	0	15	[[["STAT62",4,7]],[["STAT74",5,8]],[["LIFE",20,20]],[["STAT27",20,20]]]
UNI	The Stone of Jordan	The Stone of Jordan	rin	rin	0	29	[[["MANA",20,40]],[["STAT77",15,20]],[["STAT51",120,120],["STAT50",1,1]],[["ALLSK",1,1]]]
UNI	Amulet of the Viper	Amulet of the Viper	vip	amu	0	0	[[["MANA",10,10]],[["PRES",25,25]],[["LIFE",10,10]]]
UNI	Staff of Kings	Staff of Kings	msf	WEAPON	1	0	[[["RES",10,10],["FRES",10,10],["LRES",10,10],["CRES",10,10],["PRES",10,10]],[["IAS",50,50]]]
UNI	Horadric Staff	Horadric Staff	hst	WEAPON	1	0	[[["MANA",10,10]],[["PRES",25,25]],[["LIFE",10,10]],[["RES",10,10],["FRES",10,10],["LRES",10,10],["CRES",10,10],["PRES",10,10]],[["IAS",50,50]]]
UNI	Hell Forge Hammer	Hell Forge Hammer	hfh	WEAPON	0	0	[[["STAT48",5,5]],[["STAT49",20,20]],[["FRES",40,40]],[["DEF",35,35]]]
UNI	Khalim's Flail	KhalimFlail	qf1	WEAPON	0	0	[[["STAT50",1,1]],[["STAT51",20,20]],[["IAS",50,50]],[["AR",40,40]]]
UNI	Khalim's Will	SuperKhalimFlail	qf2	WEAPON	0	0	[[["STAT50",1,1]],[["STAT51",40,40]],[["IAS",50,50]],[["AR",40,40]],[["STAT62",6,6]],[["STAT60",6,6]]]
UNI	Coldkill	Coldkill	9ha	WEAPON	0	36	[[["STAT55",240,240],["STAT54",160,160]],[["CRES",15,15]],[["STAT44",10,10]],[["IAS",30,30]],[["MULTI198,2898",1,1]],[["MULTI201,2836",1,1]],[["ED",150,190]]]
UNI	Butcher's Pupil	Butcher's Pupil	9ax	WEAPON	0	39	[[["STAT141",35,35]],[["STAT135",25,25]],[["ED",150,200]],[["STAT501",90,120]],[["IAS",30,30]],[["MAXDMG",30,30],["MINDMG",20,20]]]
UNI	Islestrike	Islestrike	92a	WEAPON	0	43	[[["CLSK5",2,2]],[["STR",10,10]],[["DEX",10,10]],[["STAT3",10,10]],[["STAT1",10,10]],[["IAS",50,50]],[["STAT136",25,25]],[["ED",170,190]],[["SK233",3,4]],[["SK248",3,4]]]
UNI	Pompeii's Wrath	Pompe's Wrath	9mp	WEAPON	0	45	[[["MULTI198,14684",1,1]],[["STAT150",10,10]],[["STAT49",175,175],["STAT48",60,60]],[["ED",170,200]],[["IAS",40,40]]]
UNI	Guardian Naga	Guardian Naga	9wa	WEAPON	0	48	[[["MULTI198,5913",1,1]],[["STAT78",75,150]],[["PRES",30,30]],[["ED",150,180]],[["STAT58",1280,1280],["STAT57",1280,1280]],[["MAXDMG",20,20]]]
UNI	Warlord's Trust	Warlord's Trust	9la	WEAPON	0	35	[[["DEF",75,75]],[["STAT74",20,20]],[["RES",10,20],["FRES",10,20],["LRES",10,20],["CRES",10,20],["PRES",10,20]],[["ED",175,255]],[["IAS",40,40]],[["STAT36",10,20]]]
UNI	Spellsteel	Spellsteel	9ba	WEAPON	0	39	[[["STAT91",-60,-60]],[["MANA",100,100]],[["STAT35",12,15]],[["FCR",50,50]],[["ED",165,245]],[["STAT27",25,25]],[["MULTI204,22849",1,1]],[["MULTI204,28306",1,1]],[["MULTI198,6489",1,1]],[["MULTI198,14425",1,1]]]
UNI	Stormrider	Stormrider	9bt	WEAPON	0	41	[[["MULTI198,3417",1,1]],[["MULTI198,2459",1,1]],[["STAT51",200,200],["STAT50",1,1]],[["MAXDMG",75,75],["MINDMG",35,35]],[["ED",100,100]],[["STAT128",75,150]],[["MULTI201,2457",1,1]]]
UNI	Boneslayer Blade	Boneslayer Blade	9ga	WEAPON	0	42	[[["STR",8,8]],[["IAS",40,40]],[["STAT119",35,35]],[["ED",180,220]],[["OS106",10,12]],[["MULTI198,6494",1,1]]]
UNI	The Minotaur	The Minataur	9gi	WEAPON	0	45	[[["STAT113",2,2]],[["STAT153",1,1]],[["STR",15,20]],[["STAT150",10,10]],[["STAT136",30,30]],[["MAXDMG",50,50],["MINDMG",40,40]],[["ED",200,260]]]
UNI	Suicide Branch	Suicide Branch	9wn	WEAPON	1	33	[[["SK367",2,3]],[["FCR",50,50]],[["RES",10,10],["FRES",10,10],["LRES",10,10],["CRES",10,10],["PRES",10,10]],[["STAT77",10,10]],[["LIFE",40,40]],[["ALLSK",1,1]],[["STAT468",2,2]]]
UNI	Carin Shard	Carin Shard	9yw	WEAPON	1	35	[[["FCR",10,10]],[["FHR",30,30]],[["STAT74",15,25]],[["CLSK2",1,1]],[["TABSK18",1,2]],[["SK75",2,2]]]
UNI	Arm of King Leoric	Arm of King Leoric	9bw	WEAPON	1	36	[[["CLSK2",2,2]],[["STAT74",24,32]],[["FCR",20,20]],[["STAT461",2,2]],[["SK89",2,3]],[["SK69",2,3]],[["SK70",2,3]]]
UNI	Blackhand Key	Blackhand Key	9gw	WEAPON	1	41	[[["TABSK16",2,3]],[["DTM",20,20]],[["LIFE",30,60]],[["STAT86",4,7]],[["FCR",30,30]],[["FRES",37,37]],[["CLSK2",1,2]],[["MULTI204,9607",1,1]]]
UNI	Dark Clan Crusher	Dark Clan Crusher	9cl	WEAPON	0	34	[[["CLSK5",2,2]],[["STAT121",200,200]],[["STAT123",200,200]],[["ED",180,240]],[["STAT119",20,25]],[["STAT139",15,15]],[["IAS",40,40]]]
UNI	Zakarum's Hand	Zakarum's Hand	9sc	WEAPON	1	37	[[["STAT62",8,8]],[["STAT115",1,1]],[["STAT27",10,10]],[["STAT28",15,15]],[["MULTI198,3796",1,1]],[["ED",180,220]],[["IAS",30,30]],[["TABSK25",2,3]]]
UNI	The Fetid Sprinkler	The Fetid Sprinkler	9qs	WEAPON	1	38	[[["CLSK3",2,2]],[["MULTI198,28554",1,1]],[["MULTI201,5194",1,1]],[["STAT58",409,409],["STAT57",409,409]],[["ED",160,220]],[["AR",150,200]],[["MAXDMG",25,25],["MINDMG",15,15]]]
UNI	Hand of Blessed Light	Hand of Blessed Light	9ws	WEAPON	1	42	[[["CLSK3",2,2]],[["ED",130,160]],[["STAT119",100,100]],[["SK371",2,4]],[["STAT27",15,15]],[["STAT89",4,4]],[["MAXDMG",45,45],["MINDMG",20,20]],[["SK101",2,4]],[["SK121",2,3]],[["SK364",2,3]]]
UNI	Fleshrender	Fleshrender	9sp	WEAPON	0	38	[[["STAT135",25,25]],[["IAS",40,40]],[["STAT136",20,20]],[["STAT501",50,50]],[["MAXDMG",50,50],["MINDMG",35,35]],[["ED",130,180]],[["CLSK5",1,2]],[["TABSK41",2,2]],[["STAT141",20,20]]]
UNI	Sureshrill Frost	Sureshrill Frost	9ma	WEAPON	0	39	[[["STAT55",112,112],["STAT54",63,63]],[["STAT153",1,1]],[["ED",150,180]],[["MAXDMG",30,30],["MINDMG",15,15]],[["STAT134",3,3]],[["MULTI198,4110",1,1]],[["MULTI126,4",2,3],["STAT362",2,3]]]
UNI	Moonfall	Moonfall	9mt	WEAPON	0	42	[[["MULTI198,3610",1,1]],[["STAT49",115,115],["STAT48",55,55]],[["STAT35",9,12]],[["ED",140,170]],[["STAT89",2,2]],[["MULTI126,3",2,3],["STAT366",2,3]],[["MAXDMG",15,15],["MINDMG",10,10]]]
UNI	Baezil's Vortex	Baezil's Vortex	9fl	WEAPON	0	45	[[["MULTI198,3097",1,1]],[["STAT51",150,150],["STAT50",1,1]],[["MANA",100,100]],[["LRES",25,25]],[["ED",160,200]],[["IAS",20,20]],[["MULTI204,3097",1,1]]]
UNI	Earthshaker	Earthshaker	9wh	WEAPON	0	43	[[["MULTI196,15000",1,1]],[["IAS",30,30]],[["ED",180,230]],[["STAT113",1,1]],[["TABSK42",3,4]],[["FCR",20,20]]]
UNI	Bloodtree Stump	Bloodtree Stump	9m9	WEAPON	0	48	[[["STAT136",50,50]],[["ED",210,260]],[["RES",20,20],["FRES",20,20],["LRES",20,20],["CRES",20,20],["PRES",20,20]],[["STR",25,25]],[["TABSK33",2,2]],[["SK134",3,3]],[["SK143",3,3]]]
UNI	The Gavel of Pain	The Gavel of Pain	9gm	WEAPON	0	45	[[["MULTI198,28319",1,1]],[["MULTI201,28417",1,1]],[["STAT78",260,260]],[["MAXDMG",30,30],["MINDMG",12,12]],[["ED",215,245]],[["MULTI204,28296",1,1]],[["STAT504",20,20]]]
UNI	Bloodletter	Bloodletter	9ss	WEAPON	0	30	[[["MAXDMG",45,45],["MINDMG",12,12]],[["AR",90,90]],[["STAT60",8,8]],[["STAT154",10,10]],[["IAS",-40,-40]],[["ED",280,340]],[["SK128",2,4]],[["SK151",2,3]]]
UNI	Coldsteel Eye	Coldsteel Eye	9sm	WEAPON	0	31	[[["STAT113",1,1]],[["STAT134",1,1]],[["STAT141",50,50]],[["ED",225,275]],[["IAS",20,20]],[["STAT62",6,6]],[["STAT55",80,80],["STAT54",50,50]]]
UNI	Hexfire	Hexfire	9sb	WEAPON	0	33	[[["FCR",25,25]],[["STAT115",1,1]],[["FRES",25,25]],[["STAT40",5,5]],[["MAXDMG",40,40],["MINDMG",35,35]],[["ED",180,200]],[["MULTI126,1",2,3],["STAT363",2,3]]]
UNI	Blade of Ali Baba	Blade of Ali Baba	9fc	WEAPON	0	35	[[["SOCK",2,3]],[["MANA",15,15]],[["ED",60,120]],[["DEX",5,15]]]
UNI	Ginther's Rift	Ginther's Rift	9cr	WEAPON	0	37	[[["STAT35",7,12]],[["IAS",30,30]],[["STAT53",180,180],["STAT52",75,75]],[["ED",150,250]]]
UNI	Headstriker	Headstriker	9bs	WEAPON	0	39	[[["STAT117",1,1]],[["STR",15,15]],[["ED",150,200]],[["IAS",20,20]],[["STAT210",10,15]]]
UNI	Plague Bearer	Plague Bearer	9ls	WEAPON	0	41	[[["MULTI198,5902",1,1]],[["STAT58",1024,1024],["STAT57",1024,1024]],[["MAXDMG",45,45],["MINDMG",10,10]],[["ED",150,250]],[["PRES",45,45]],[["SK238",4,5]],[["IAS",30,30]]]
UNI	The Atlantean	The Atlantian	9wd	WEAPON	0	42	[[["DEF",75,75]],[["STR",16,16]],[["DEX",12,12]],[["STAT3",8,8]],[["ED",230,280]],[["CLSK3",2,2]],[["STAT119",50,50]]]
UNI	Crainte Vomir	Crainte Vomir	92h	WEAPON	0	42	[[["STAT150",25,25]],[["STAT120",-70,-70]],[["FRW",20,20]],[["STAT36",10,20]],[["ED",250,290]],[["IAS",50,50]]]
UNI	Bing Sz Wang	Bing Sz Wang	9cm	WEAPON	0	43	[[["STAT91",-30,-30]],[["STAT55",350,350],["STAT54",200,200]],[["STR",20,20]],[["STAT134",2,2]],[["MULTI198,4111",1,1]],[["ED",180,230]],[["STAT335",10,20]],[["IAS",40,40]]]
UNI	The Vile Husk	The Vile Husk	9gs	WEAPON	0	44	[[["MULTI198,28319",1,1]],[["PRES",50,50]],[["STAT58",1280,1280],["STAT57",1280,1280]],[["ED",175,225]],[["IAS",20,20]]]
UNI	Cloudcrack	Cloudcrack	9b9	WEAPON	0	45	[[["MULTI198,7765",1,1]],[["STAT51",480,480],["STAT50",1,1]],[["DEF",120,120]],[["STAT89",5,5]],[["STAT42",10,10]],[["ED",180,230]],[["STAT128",100,150]],[["TABSK25",5,6]],[["TABSK26",5,6]]]
UNI	Todesfaelle Flamme	Todesfaelle Flamme	9fb	WEAPON	0	46	[[["STAT49",200,200],["STAT48",50,50]],[["MULTI151,100",6,6]],[["STAT143",10,10]],[["MULTI195,3028",1,1]],[["ED",180,220]],[["MULTI204,3338",1,1]],[["MULTI195,3284",1,1]],[["MULTI195,24080",1,1]],[["IAS",20,20]]]
UNI	Swordguard	Swordguard	9gd	WEAPON	0	48	[[["STAT91",-50,-50]],[["RES",20,30],["FRES",20,30],["LRES",20,30],["CRES",20,30],["PRES",20,30]],[["STAT32",100,100]],[["DTM",30,30]],[["ED",240,280]],[["STAT33",200,200]],[["FHR",40,40]],[["STAT20",40,40]],[["FBR",40,40]]]
UNI	Spineripper	Spineripper	9dg	WEAPON	0	32	[[["STAT115",1,1]],[["STAT60",8,8]],[["STAT117",1,1]],[["IAS",15,15]],[["DEX",10,10]],[["ED",200,240]],[["MAXDMG",27,27],["MINDMG",15,15]],[["ALLSK",1,1]],[["STAT141",20,20]]]
UNI	Heart Carver	Heart Carver	9di	WEAPON	0	36	[[["STAT141",35,35]],[["STAT115",1,1]],[["MAXDMG",35,35],["MINDMG",15,15]],[["ED",190,240]],[["SK131",5,7]],[["SK142",5,7]],[["SK150",5,7]],[["STAT141",20,20]]]
UNI	Blackbog's Sharp	Blackbog's Sharp	9kr	WEAPON	0	38	[[["STAT150",20,20]],[["DEF",50,150]],[["MAXDMG",45,45],["MINDMG",15,15]],[["IAS",30,30]],[["STAT58",512,512],["STAT57",512,512]],[["SK73",2,2]],[["MULTI126,5",2,4],["STAT365",2,4]],[["STAT141",20,20]]]
UNI	Stormspike	Stormspike	9bl	WEAPON	0	41	[[["STAT50",1,1]],[["STAT51",360,360]],[["STAT128",60,120]],[["MULTI201,2455",1,1]],[["ED",175,250]],[["STAT334",10,20]],[["STAT330",20,20]],[["STAT141",20,20]]]
UNI	The Impaler	The Impaler	9sr	WEAPON	0	31	[[["STAT115",1,1]],[["AR",150,150]],[["IAS",20,20]],[["STAT135",40,40]],[["STAT501",40,40]],[["ED",140,200]],[["OS19",4,6]],[["OS30",3,4]],[["OS10",4,6]]]
UNI	Kelpie Snare	Kelpie Snare	9tr	WEAPON	0	33	[[["STAT150",50,50]],[["FRES",50,50]],[["MAXDMG",50,50],["MINDMG",30,30]],[["STR",10,10]],[["ED",140,180]]]
UNI	Soulfeast Tine	Soulfeast Tine	9br	WEAPON	0	35	[[["STAT91",-20,-20]],[["STAT60",7,7]],[["STAT62",7,7]],[["STAT154",20,20]],[["ED",190,270]],[["AR",150,250]]]
UNI	Hone Sundan	Hone Sundan	9st	WEAPON	0	37	[[["SOCK",0,0]],[["MAXDMG",40,40],["MINDMG",20,20]],[["STAT136",45,45]],[["ED",160,200]]]
UNI	Spire of Honor	Spire of Honor	9p9	WEAPON	0	39	[[["STAT119",25,25]],[["STAT89",3,3]],[["STAT74",20,20]],[["FHR",20,20]],[["MAXDMG",40,40],["MINDMG",20,20]],[["ED",200,250]],[["TABSK24",3,3]],[["ED",75,75]]]
UNI	The Meat Scraper	The Meat Scraper	9b7	WEAPON	0	41	[[["ED",150,200]],[["IAS",30,30]],[["STAT60",10,10]],[["STAT135",50,50]],[["MFIND",50,50]],[["TABSK33",3,3]],[["STAT501",170,250]]]
UNI	Blackleach Blade	Blackleach Blade	9vo	WEAPON	0	42	[[["STAT91",-25,-25]],[["MULTI198,28357",1,1]],[["STAT89",-2,-2]],[["STAT60",8,8]],[["ED",140,180]]]
UNI	Athena's Wrath	Athena's Wrath	9s8	WEAPON	0	42	[[["CLSK5",2,3]],[["DEX",15,15]],[["IAS",50,50]],[["ED",220,260]],[["TABSK40",2,2]],[["STAT193",3,4]]]
UNI	Pierre Tombale Couant	Pierre Tombale Couant	9pa	WEAPON	0	43	[[["STAT141",55,55]],[["CLSK4",3,3]],[["FHR",30,30]],[["STAT62",6,6]],[["MINDMG",24,36]],[["MAXDMG",40,60]],[["ED",160,220]],[["AR",100,200]]]
UNI	Husoldal Evo	Husoldal Evo	9h9	WEAPON	0	44	[[["STAT74",40,60]],[["AR",200,250]],[["STAT117",1,1]],[["MAXDMG",32,32],["MINDMG",20,20]],[["ED",240,280]],[["IAS",20,20]]]
UNI	Grim's Burning Dead	Grim's Burning Dead	9wc	WEAPON	0	45	[[["STAT49",232,232],["STAT48",131,131]],[["FRES",45,45]],[["ED",220,260]],[["SK80",3,5]],[["STAT91",-50,-50]],[["CLSK2",2,3]],[["STAT116",50,50]],[["STAT462",6,6]],[["AR",200,250]]]
UNI	Razorswitch	Razorswitch	8ss	WEAPON	1	28	[[["FCR",40,40]],[["STAT78",15,15]],[["MANA",175,175]],[["LIFE",80,80]],[["STAT35",15,15]],[["RES",50,50],["FRES",50,50],["LRES",50,50],["CRES",50,50],["PRES",50,50]],[["ALLSK",1,2]]]
UNI	Ribcracker	Ribcracker	8ls	WEAPON	1	31	[[["MAXDMG",65,65],["MINDMG",30,30]],[["ED",200,300]],[["STAT136",50,50]],[["DEX",15,15]],[["STAT268",30,40]],[["ED",100,100]],[["FHR",50,50]],[["IAS",50,50]]]
UNI	Chromatic Ire	Chromatic Ire	8cs	WEAPON	1	35	[[["ALLSK",3,3]],[["RES",25,40],["FRES",25,40],["LRES",25,40],["CRES",25,40],["PRES",25,40]],[["FCR",45,45]],[["STAT128",20,20]],[["STAT76",20,25]],[["SK61",1,2]],[["SK63",1,2]],[["SK65",1,2]],[["MULTI200,1094",1,1]]]
UNI	Warpspear	Warpspear	8bs	WEAPON	1	39	[[["ALLSK",3,3]],[["STAT115",1,1]],[["SK54",3,3]],[["MULTI200,3530",1,1]],[["SK58",3,3]],[["STAT32",250,250]],[["SK369",2,3]],[["FCR",55,55]]]
UNI	Skull Collector	Skullcollector	8ws	WEAPON	1	41	[[["STAT77",20,20]],[["STAT138",10,15]],[["ALLSK",2,3]],[["CLSK2",2,2]],[["FCR",60,60]],[["MULTI200,4377",1,1]]]
UNI	Skystrike	Skystrike	8sb	WEAPON	0	28	[[["STAT51",250,250],["STAT50",1,1]],[["AR",100,100]],[["STAT1",10,10]],[["IAS",30,30]],[["ED",150,200]],[["MULTI198,3592",1,1]],[["CLSK0",1,2]]]
UNI	Riphook	Riphook	8hb	WEAPON	0	31	[[["STAT135",30,30]],[["ED",220,260]],[["STAT150",10,10]],[["MANA",35,35]],[["IAS",50,50]],[["STAT60",7,10]],[["STAT501",50,50]]]
UNI	Kuko Shakaku	Kuko Shakaku	8lb	WEAPON	0	33	[[["STAT158",7,7]],[["ED",150,180]],[["STAT156",50,50]],[["STAT49",180,180],["STAT48",40,40]],[["TABSK0",3,3]],[["STAT138",2,2]]]
UNI	Endlesshail	Endlesshail	8cb	WEAPON	0	36	[[["CRES",35,35]],[["MANA",40,40]],[["MULTI198,23640",1,1]],[["OS26",3,5]],[["ED",180,220]],[["STAT55",30,30],["STAT54",15,15]]]
UNI	Witchwild String	Whichwild String	8s8	WEAPON	0	39	[[["MULTI198,28319",1,1]],[["RES",20,40],["FRES",20,40],["LRES",20,40],["CRES",20,40],["PRES",20,40]],[["ED",150,190]],[["STAT157",20,20]],[["SOCK",2,4]]]
UNI	Cliffkiller	Cliffkiller	8l8	WEAPON	0	41	[[["CLSK0",2,2]],[["ED",190,230]],[["STAT32",80,80]],[["STAT81",1,1]],[["LIFE",50,50]],[["MINDMG",5,10]],[["MAXDMG",20,30]],[["IAS",80,80]],[["STAT156",30,30]]]
UNI	Magewrath	Magewrath	8sw	WEAPON	0	43	[[["STAT62",5,15]],[["STAT35",9,13]],[["SK22",4,4]],[["AR",250,250]],[["DEX",10,10]],[["STAT113",1,1]],[["MAXDMG",50,50],["MINDMG",25,25]],[["ED",180,210]],[["CLSK0",2,2]],[["SK6",1,2]]]
UNI	Goldstrike Arch	Godstrike Arch	8lw	WEAPON	0	46	[[["ED",200,250]],[["STAT119",100,150]],[["STAT122",250,300]],[["STAT121",250,300]],[["MULTI198,7764",1,1]],[["IAS",50,50]],[["STAT74",12,24]]]
UNI	Langer Briser	Langer Briser	8lx	WEAPON	0	32	[[["STAT81",1,1]],[["ED",170,200]],[["MFIND",30,60]],[["LIFE",30,30]],[["MAXDMG",20,30]],[["STAT51",312,312],["STAT50",1,1]],[["IAS",40,40]]]
UNI	Pus Spitter	Pus Spiter	8mx	WEAPON	0	36	[[["STAT58",768,768],["STAT57",768,768]],[["MULTI198,28643",1,1]],[["STAT91",-60,-60]],[["MULTI201,5894",1,1]],[["IAS",10,10]],[["ED",150,220]],[["ALLSK",2,3]],[["STAT424",5,8]]]
UNI	Buriza-Do Kyanon	Buriza-Do Kyanon	8hx	WEAPON	0	41	[[["STAT156",20,20]],[["DEX",35,35]],[["DEF",75,150]],[["IAS",60,60]],[["ED",200,275]],[["STAT134",3,3]],[["STAT55",196,196],["STAT54",32,32]]]
UNI	Demon Machine	Demon Machine	8rx	WEAPON	0	49	[[["DEF",333,666]],[["MANA",33,66]],[["MULTI198,780",1,1]],[["STAT158",6,6]],[["ED",265,315]],[["AR",333,666]]]
UNI	Peasant Crown	Peasent Crown	xap	HELM	0	28	[[["STAT1",20,20]],[["STAT3",20,20]],[["ALLSK",1,1]],[["FRW",20,20]],[["STAT74",6,12]],[["ED",100,100]]]
UNI	Rockstopper	Rockstopper	xkp	HELM	0	31	[[["LRES",20,40]],[["STAT36",10,10]],[["FHR",30,30]],[["ED",160,220]],[["FRES",20,50]],[["CRES",20,40]],[["STAT3",15,15]]]
UNI	Stealskull	Stealskull	xlm	HELM	0	35	[[["STAT62",3,5]],[["STAT60",3,5]],[["FHR",20,20]],[["IAS",20,20]],[["ED",200,240]],[["MFIND",30,50]]]
UNI	Darksight Helm	Darksight Helm	xhl	HELM	0	38	[[["STAT89",-4,-4]],[["STAT153",1,1]],[["STAT62",5,5]],[["MULTI201,4547",1,1]],[["OS264",1,1]],[["FRES",20,40]],[["STAT113",1,1]]]
UNI	Valkyrie Wing	Valkiry Wing	xhm	HELM	0	44	[[["ED",150,200]],[["FRW",30,30]],[["FHR",30,30]],[["CLSK0",1,2]],[["STAT138",3,6]],[["ED",40,60]],[["SK32",2,2]]]
UNI	Crown of Thieves	Crown of Thieves	xrn	HELM	0	49	[[["DEX",25,25]],[["STAT60",9,12]],[["LIFE",50,50]],[["GFIND",80,100]],[["FRES",33,33]],[["ED",160,200]],[["MFIND",40,65]]]
UNI	Blackhorn's Face	Blackhorn's Face	xsk	HELM	0	41	[[["STAT128",225,325]],[["STAT150",20,20]],[["STAT117",1,1]],[["STAT145",10,20]],[["LRES",20,30]],[["ED",180,220]],[["STAT42",5,5]]]
UNI	Vampire Gaze	Vampiregaze	xh9	HELM	0	41	[[["STAT62",6,10]],[["STAT60",6,10]],[["STAT154",15,15]],[["STAT36",15,25]],[["STAT35",10,15]],[["ED",100,100]],[["STAT55",60,60],["STAT54",30,30]]]
UNI	The Spirit Shroud	The Spirit Shroud	xui	CHEST	0	28	[[["STAT153",1,1]],[["ALLSK",1,1]],[["STAT35",7,11]],[["STAT74",10,20]],[["ED",150,150]],[["STAT504",20,30]]]
UNI	Skin of the Vipermagi	Skin of the Vipermagi	xea	CHEST	0	29	[[["ED",120,120]],[["RES",20,30],["FRES",20,30],["LRES",20,30],["CRES",20,30],["PRES",20,30]],[["FCR",30,30]],[["STAT35",5,8]],[["ALLSK",1,1]]]
UNI	Skin of the Flayed One	Skin of the Flayerd One	xla	CHEST	0	31	[[["STAT74",15,25]],[["STAT60",5,7]],[["ED",150,190]],[["STAT49",135,135],["STAT48",80,80]],[["FRES",20,45]]]
UNI	Iron Pelt	Ironpelt	xtu	CHEST	0	33	[[["LIFE",80,100]],[["STAT35",10,16]],[["STAT34",15,20]],[["ED",50,100]],[["STAT20",20,40]]]
UNI	Spirit Forge	Spiritforge	xng	CHEST	0	35	[[["STAT89",4,4]],[["STAT49",65,65],["STAT48",20,20]],[["FRES",20,30]],[["ED",120,160]],[["STR",15,15]],[["SOCK",0,0]],[["MULTI126,1",1,2],["STAT363",1,2]]]
UNI	Crow Caw	Crow Caw	xcl	CHEST	0	37	[[["STAT135",35,35]],[["ED",150,180]],[["DEX",20,30]],[["STAT501",140,140]],[["IAS",20,20]],[["ED",50,80]],[["STAT156",30,30]]]
UNI	Shaftstop	Shaftstop	xhn	CHEST	0	38	[[["STAT32",250,250]],[["STAT36",20,30]],[["LIFE",100,140]],[["ED",180,220]]]
UNI	Duriel's Shell	Duriel's Shell	xrs	CHEST	0	41	[[["STR",15,15]],[["ED",160,200]],[["FRES",20,20]],[["LRES",20,20]],[["PRES",20,20]],[["CRES",50,50]],[["STAT153",1,1]]]
UNI	Skullder's Ire	Skullder's Ire	xpl	CHEST	0	42	[[["ALLSK",1,1]],[["ED",160,200]],[["STAT35",10,15]]]
UNI	Guardian Angel	Guardian Angel	xlt	CHEST	0	45	[[["STAT89",4,4]],[["ALLSK",1,2]],[["ED",180,200]],[["FBR",30,30]],[["STAT20",20,20]],[["STAT40",4,6]],[["STAT44",4,6]],[["STAT42",4,6]],[["STAT46",4,6]]]
UNI	Toothrow	Toothrow	xld	CHEST	0	48	[[["STAT501",300,350]],[["DEF",40,60]],[["STR",20,20]],[["STAT135",40,40]],[["FRES",15,15]],[["ED",160,220]],[["STAT141",15,25]]]
UNI	Atma's Wail	Atma's Wail	xth	CHEST	0	51	[[["DEX",15,15]],[["STAT74",20,30]],[["STAT77",20,30]],[["FHR",30,30]],[["ED",120,160]],[["MFIND",25,25]],[["ALLSK",1,1]],[["FCR",20,20]]]
UNI	Black Hades	Black Hades	xul	CHEST	0	53	[[["STAT89",-2,-2]],[["STAT123",400,450]],[["STAT118",1,1]],[["SOCK",3,4]],[["ED",140,200]],[["STAT121",185,225]]]
UNI	Corpsemourn	Corpsemourn	xar	CHEST	0	55	[[["STR",8,8]],[["STAT3",10,10]],[["CRES",35,35]],[["ED",150,180]],[["STAT48",120,160]],[["STAT49",300,340]],[["OS74",30,40]],[["STAT91",-15,-15]]]
UNI	Que-Hegan's Wisdom	Que-Hegan's Wisdon	xtp	CHEST	0	51	[[["FCR",20,20]],[["STAT138",8,12]],[["STAT35",6,10]],[["STAT1",20,30]],[["FHR",20,20]],[["ED",140,160]],[["ALLSK",1,1]]]
UNI	Visceratuant	Visceratuant	xuc	SHIELD	0	28	[[["CLSK1",1,1]],[["FBR",30,30]],[["STAT20",30,30]],[["ED",100,150]],[["STAT128",35,50]],[["STAT330",5,10]]]
UNI	Moser's Blessed Circle	Mosers Blessed Circle	xml	SHIELD	0	31	[[["RES",20,20],["FRES",20,20],["LRES",20,20],["CRES",20,20],["PRES",20,20]],[["STAT20",25,25]],[["SOCK",0,0]],[["ED",180,220]],[["FBR",30,30]],[["STAT504",10,10]]]
UNI	Stormchaser	Stormchaser	xrg	SHIELD	0	35	[[["STAT51",270,270],["STAT50",1,1]],[["STAT20",20,20]],[["STAT153",1,1]],[["LRES",50,50]],[["AR",150,250]],[["ED",160,220]],[["FRW",20,30]],[["MULTI201,3785",1,1]],[["MULTI201,15695",1,1]]]
UNI	Tiamat's Rebuke	Tiamat's Rebuke	xit	SHIELD	0	38	[[["STAT55",80,80],["STAT54",40,40]],[["STAT49",142,142],["STAT48",53,53]],[["STAT51",180,180],["STAT50",1,1]],[["RES",25,35],["FRES",25,35],["LRES",25,35],["CRES",25,35],["PRES",25,35]],[["ED",140,200]],[["MULTI201,2835",1,1]],[["MULTI201,3089",1,1]],[["MULTI201,3980",1,1]]]
UNI	Gerke's Sanctuary	Kerke's Sanctuary	xow	SHIELD	0	44	[[["STAT34",14,18]],[["STAT35",14,18]],[["STAT74",25,25]],[["ED",180,240]],[["STAT20",30,30]],[["RES",20,30],["FRES",20,30],["LRES",20,30],["CRES",20,30],["PRES",20,30]],[["ALLSK",1,1]],[["FBR",20,20]]]
UNI	Radament's Sphere	Radimant's Sphere	xts	SHIELD	0	50	[[["MULTI201,5923",1,1]],[["PRES",50,75]],[["ED",160,200]],[["STAT20",35,35]],[["FBR",20,20]],[["MULTI126,5",1,2],["STAT365",1,2]],[["FCR",30,30]],[["STAT58",1230,1230],["STAT57",1230,1230]]]
UNI	Lidless Wall	Lidless Wall	xsh	SHIELD	0	41	[[["STAT89",1,1]],[["ALLSK",1,1]],[["FCR",40,40]],[["STAT138",4,6]],[["ED",80,130]],[["STAT1",10,10]],[["STAT77",10,10]]]
UNI	Lance Guard	Lance Guard	xpk	SHIELD	0	35	[[["FHR",30,30]],[["STAT78",165,265]],[["ED",70,120]],[["STAT141",25,35]],[["STAT257",25,25]],[["DEX",12,16]]]
UNI	Venom Grip	Venom Grip	xlg	GLOVES	0	29	[[["PRES",30,30]],[["STAT46",5,5]],[["STAT332",10,15]],[["STAT136",5,10]],[["STAT60",2,4]],[["DEF",15,25]],[["ED",130,160]]]
UNI	Gravepalm	Gravepalm	xvg	GLOVES	0	32	[[["STAT1",10,10]],[["STR",10,10]],[["STAT122",100,200]],[["STAT124",100,200]],[["ED",140,180]],[["STAT141",10,15]],[["TABSK18",1,1]]]
UNI	Ghoulhide	Ghoulhide	xmg	GLOVES	0	36	[[["STAT62",4,5]],[["LIFE",20,40]],[["ED",150,190]],[["IAS",20,20]]]
UNI	Lava Gout	Lavagout	xtg	GLOVES	0	42	[[["FRES",24,36]],[["STAT118",1,1]],[["MULTI198,3338",1,1]],[["IAS",20,20]],[["ED",150,200]],[["STAT49",92,92],["STAT48",26,26]],[["STAT40",3,5]]]
UNI	Hellmouth	Hellmouth	xhg	GLOVES	0	47	[[["STAT49",144,144],["STAT48",30,30]],[["ED",150,200]],[["MULTI198,3618",1,1]],[["MULTI195,14678",1,1]],[["STAT78",250,400]],[["STAT333",5,10]]]
UNI	Infernostride	Infernostride	xlb	BOOTS	0	29	[[["STAT49",66,66],["STAT48",24,24]],[["FRW",30,30]],[["STAT40",5,5]],[["FRES",30,30]],[["STAT89",2,2]],[["ED",120,150]],[["GFIND",40,70]],[["DEF",15,15]],[["MULTI201,2960",1,1]]]
UNI	Waterwalk	Waterwalk	xvb	BOOTS	0	32	[[["FBR",20,20]],[["FRW",30,30]],[["DEX",15,15]],[["ED",180,210]],[["LIFE",45,65]],[["STAT40",5,5]],[["STAT28",50,50]]]
UNI	Silkweave	Silkweave	xmb	BOOTS	0	36	[[["ED",150,190]],[["STAT138",5,5]],[["STAT32",200,200]],[["STAT77",10,20]],[["FRW",30,30]]]
UNI	War Traveler	Wartraveler	xtb	BOOTS	0	42	[[["STAT3",10,10]],[["STR",10,10]],[["MFIND",30,50]],[["FRW",25,25]],[["ED",150,190]],[["MAXDMG",25,25],["MINDMG",15,15]],[["STAT78",5,10]],[["STAT154",40,40]]]
UNI	Gore Rider	Gorerider	xhb	BOOTS	0	47	[[["STAT91",-25,-25]],[["STAT141",15,20]],[["FRW",30,30]],[["STAT136",15,15]],[["STAT135",10,10]],[["ED",160,200]],[["STAT501",140,200]]]
UNI	String of Ears	String of Ears	zlb	BELT	0	29	[[["STAT35",10,15]],[["STAT36",10,15]],[["STAT60",6,8]],[["ED",150,180]],[["DEF",15,15]]]
UNI	Razortail	Razortail	zvb	BELT	0	32	[[["DEX",15,20]],[["STAT156",33,33]],[["DEF",50,50]],[["ED",120,150]],[["MAXDMG",10,20]]]
UNI	Gloom's Trap	Gloomstrap	zmb	BELT	0	36	[[["STAT89",-3,-3]],[["STAT77",15,15]],[["STAT62",5,5]],[["ED",120,150]],[["STAT3",15,15]],[["STAT27",15,15]],[["FCR",10,20]]]
UNI	Snowclash	Snowclash	ztb	BELT	0	42	[[["MULTI201,3776",1,1]],[["STAT44",5,8]],[["STAT55",63,63],["STAT54",39,39]],[["ED",130,170]],[["CRES",30,45]],[["MULTI126,4",1,2],["STAT362",1,2]],[["STAT118",1,1]]]
UNI	Thundergod's Vigor	Thudergod's Vigor	zhb	BELT	0	47	[[["MULTI201,7761",1,1]],[["STAT50",1,1]],[["STAT51",150,250]],[["STAT42",5,8]],[["MULTI126,2",2,2],["STAT364",2,2]],[["ED",160,200]],[["STAT3",10,15]],[["STR",10,15]]]
UNI	Harlequin Crest	Harlequin Crest	uap	HELM	0	62	[[["ALLSK",2,2]],[["MFIND",25,50]],[["STAT1",2,2]],[["STR",2,2]],[["DEX",2,2]],[["STAT3",2,2]],[["STAT36",4,6]]]
UNI	Veil of Steel	Veil of Steel	uhm	HELM	0	73	[[["RES",30,40],["FRES",30,40],["LRES",30,40],["CRES",30,40],["PRES",30,40]],[["ED",160,220]],[["STR",15,15]],[["STAT3",15,15]],[["ED",60,90]],[["DEF",140,140]],[["ALLSK",1,1]]]
UNI	The Gladiator's Bane	The Gladiator's Bane	utu	CHEST	0	85	[[["ED",150,200]],[["STAT35",10,20]],[["STAT34",15,25]],[["STAT78",600,700]],[["STAT110",50,50]],[["FHR",40,40]],[["STAT258",12,16]],[["STAT153",1,1]]]
UNI	Arkaine's Valor	Arkaine's Valor	upl	CHEST	0	85	[[["ED",150,180]],[["FHR",40,40]],[["ALLSK",1,2]],[["STAT34",10,15]]]
UNI	Blackoak Shield	Blackoak Shield	uml	SHIELD	0	61	[[["ED",160,200]],[["STAT44",6,10]],[["FBR",50,50]],[["STAT153",1,1]],[["STAT335",10,20]]]
UNI	Stormshield	Stormshield	uit	SHIELD	0	73	[[["STAT36",20,30]],[["STR",20,30]],[["STAT152",1,1]],[["FBR",35,35]],[["LRES",25,25]],[["STAT20",25,25]],[["CRES",40,50]],[["STAT128",150,250]]]
UNI	Hellslayer	Hellslayer	7bt	WEAPON	0	66	[[["STAT48",400,400]],[["STAT49",600,600]],[["STAT333",25,35]],[["ED",140,200]],[["MULTI198,3053",1,1]],[["IAS",40,40]]]
UNI	Messerschmidt's Reaver	Messerschmidt's Reaver	7ga	WEAPON	0	70	[[["ED",200,250]],[["STR",20,20]],[["DEX",20,20]],[["STAT3",20,20]],[["STAT1",20,20]],[["STAT119",100,100]],[["IAS",20,20]],[["STAT135",35,35]],[["STAT501",1050,1250]]]
UNI	Baranar's Star	Baranar's Star	7mt	WEAPON	0	65	[[["STAT119",200,200]],[["ED",200,250]],[["DEX",15,15]],[["STR",15,15]],[["IAS",50,50]],[["STAT51",300,300],["STAT50",50,50]],[["STAT49",300,300],["STAT48",50,50]],[["STAT55",300,300],["STAT54",50,50]]]
UNI	Schaefer's Hammer	Schaefer's Hammer	7wh	WEAPON	0	79	[[["MULTI198,2713",1,1]],[["LIFE",50,50]],[["LRES",50,75]],[["IAS",40,40]],[["ED",200,260]],[["STAT89",4,8]],[["STAT51",585,585],["STAT50",75,75]]]
UNI	The Cranium Basher	The Cranium Basher	7gm	WEAPON	0	87	[[["IAS",30,30]],[["MULTI198,28321",1,1]],[["STR",25,25]],[["RES",25,25],["FRES",25,25],["LRES",25,25],["CRES",25,25],["PRES",25,25]],[["STAT136",75,75]],[["MAXDMG",25,25],["MINDMG",20,20]],[["ED",220,260]]]
UNI	Lightsabre	Lightsabre	7cr	WEAPON	0	58	[[["STAT89",7,7]],[["MULTI195,3171",1,1]],[["STAT115",1,1]],[["STAT144",5,10]],[["IAS",20,20]],[["STAT53",120,120],["STAT52",60,60]],[["STAT51",700,700],["STAT50",1,1]],[["STAT62",5,7]],[["ED",150,250]],[["MAXDMG",30,30],["MINDMG",10,10]],[["MULTI151,110",6,6]]]
UNI	Doombringer	Doombringer	7b7	WEAPON	0	69	[[["STAT76",10,15]],[["ED",240,280]],[["STAT119",40,40]],[["MAXDMG",150,150],["MINDMG",120,120]],[["MULTI198,28373",1,1]],[["STAT60",8,10]]]
UNI	The Grandfather	The Grandfather	7gd	WEAPON	0	81	[[["STR",20,20]],[["DEX",20,20]],[["STAT3",20,20]],[["STAT1",20,20]],[["STAT119",50,50]],[["LIFE",80,80]],[["ALLSK",2,2]],[["ED",200,275]],[["SK154",2,3]]]
UNI	Wizardspike	Wizardspike	7dg	WEAPON	0	61	[[["STAT27",15,15]],[["STAT77",15,15]],[["RES",75,75],["FRES",75,75],["LRES",75,75],["CRES",75,75],["PRES",75,75]],[["STAT152",1,1]],[["FCR",50,50]],[["STAT91",-50,-50]],[["STAT141",20,20]]]
UNI	Constricting Loop	Constricting Ring	rin	rin	0	65	[[["STAT74",-20,-20]],[["FCR",20,20]],[["STAT112",16,16]],[["STAT86",4,6]],[["STR",12,18]]]
UNI	Stormspire	Stormspire	7wc	WEAPON	0	70	[[["LRES",50,50]],[["MULTI198,2728",1,1]],[["ED",150,250]],[["STR",30,30]],[["MULTI198,2467",1,1]],[["IAS",30,30]],[["STAT50",1,1]],[["STAT51",1000,1000]],[["STAT128",700,800]],[["STAT330",20,30]]]
UNI	Eaglehorn	Eaglehorn	6l7	WEAPON	0	69	[[["STAT115",1,1]],[["ED",200,250]],[["CLSK0",2,2]],[["DEX",60,100]],[["OS221",10,10]],[["MULTI198,14172",1,1]],[["STAT490",1250,1250]]]
UNI	Windforce	Windforce	6lw	WEAPON	0	73	[[["DEX",20,20]],[["MULTI198,15400",1,1]],[["STAT62",6,8]],[["STAT81",1,1]],[["ED",275,350]],[["IAS",40,40]],[["STR",20,20]]]
UNI	Bul-Kathos' Wedding Band	Bul Katho's Wedding Band	rin	rin	0	58	[[["ALLSK",1,1]],[["STAT60",4,6]]]
UNI	The Cat's Eye	The Cat's Eye	amu	amu	0	50	[[["FRW",20,30]],[["IAS",30,30]],[["STAT156",20,20]],[["STAT32",100,100]],[["DEX",25,35]]]
UNI	The Rising Sun	The Rising Sun	amu	amu	0	65	[[["STAT89",4,4]],[["MULTI201,3607",1,1]],[["STAT48",80,124]],[["STAT49",200,248]],[["MULTI126,1",1,2],["STAT363",1,2]],[["STAT74",10,10]],[["STAT333",4,8]]]
UNI	Crescent Moon	Crescent Moon	amu	amu	0	50	[[["STAT62",4,8]],[["STAT35",5,10]],[["IAS",10,10]],[["MULTI126,4",2,2],["STAT362",2,2]],[["MANA",45,45]],[["STAT60",3,6]],[["FCR",10,10]]]
UNI	Mara's Kaleidoscope	Mara's Kaleidoscope	amu	amu	0	67	[[["ALLSK",2,2]],[["RES",20,30],["FRES",20,30],["LRES",20,30],["CRES",20,30],["PRES",20,30]],[["ALLATTRIB",4,6],["STR",4,6],["STAT1",4,6],["DEX",4,6],["STAT3",4,6]]]
UNI	Atma's Scarab	Atma's Scarab	amu	amu	0	60	[[["STAT501",200,300]],[["PRES",30,60]],[["STAT89",3,3]],[["STAT78",300,450]],[["MULTI198,28303",1,1]],[["STAT119",40,60]],[["STAT135",10,10]]]
UNI	Dwarf Star	Dwarf Star	rin	rin	0	45	[[["GFIND",100,100]],[["STAT20",5,5]],[["LIFE",35,50]],[["STAT35",12,15]],[["STAT142",4,6]]]
UNI	Raven Frost	Raven Frost	rin	rin	0	45	[[["STAT153",1,1]],[["STAT55",45,45],["STAT54",15,15]],[["STAT148",5,5]],[["MANA",40,40]],[["DEX",15,20]],[["AR",150,250]]]
UNI	Highlord's Wrath	Highlord's Wrath	amu	amu	0	65	[[["LRES",30,40]],[["STAT51",300,300],["STAT50",1,1]],[["IAS",20,20]],[["ALLSK",1,1]],[["STAT128",100,150]]]
UNI	Saracen's Chance	Saracen's Chance	amu	amu	0	47	[[["RES",15,25],["FRES",15,25],["LRES",15,25],["CRES",15,25],["PRES",15,25]],[["ED",30,50]],[["ALLATTRIB",12,12],["STR",12,12],["STAT1",12,12],["DEX",12,12],["STAT3",12,12]],[["MULTI201,28428",1,1]],[["STAT504",10,10]]]
UNI	Arreat's Face	Arreat's Face	baa	HELM	0	42	[[["CLSK4",2,2]],[["TABSK32",1,2]],[["ED",150,200]],[["FHR",30,30]],[["STAT119",20,20]],[["STR",10,20]],[["DEX",10,20]],[["STAT60",3,6]],[["RES",20,30],["FRES",20,30],["LRES",20,30],["CRES",20,30],["PRES",20,30]]]
UNI	Homunculus	Homunculus	nea	SHIELD	0	42	[[["CLSK2",2,2]],[["ED",150,200]],[["FBR",30,30]],[["STAT20",40,40]],[["STAT1",20,20]],[["STAT27",33,33]],[["STAT138",5,5]],[["RES",30,40],["FRES",30,40],["LRES",30,40],["CRES",30,40],["PRES",30,40]]]
UNI	Titan's Revenge	Titan's Revenge	ama	WEAPON	0	42	[[["CLSK0",2,2]],[["TABSK2",1,2]],[["ED",150,250]],[["FRW",30,30]],[["STR",20,20]],[["DEX",20,20]],[["STAT60",5,9]],[["MAXDMG",50,50],["MINDMG",25,25]]]
UNI	Lycander's Aim	Lycander's Aim	am7	WEAPON	0	42	[[["CLSK0",2,2]],[["TABSK0",2,2]],[["ED",225,275]],[["IAS",20,20]],[["STAT116",50,50]],[["DEX",20,20]],[["STAT1",20,20]],[["STAT62",5,8]],[["MAXDMG",50,50],["MINDMG",25,25]]]
UNI	Lycander's Flank	Lycander's Flank	am9	WEAPON	0	42	[[["CLSK0",2,2]],[["TABSK2",2,2]],[["ED",250,300]],[["IAS",30,30]],[["STAT36",15,20]],[["STR",20,20]],[["STAT3",20,20]],[["STAT60",5,9]],[["MAXDMG",50,50],["MINDMG",25,25]]]
UNI	The Oculus	The Oculus	oba	WEAPON	1	42	[[["ALLSK",2,3]],[["MULTI201,3457",1,1]],[["RES",15,25],["FRES",15,25],["LRES",15,25],["CRES",15,25],["PRES",15,25]],[["FCR",30,30]],[["ED",20,20]],[["STAT3",20,20]],[["STAT1",20,20]],[["STAT138",5,5]],[["MFIND",25,50]]]
UNI	Herald of Zakarum	Herald of Zakarum	pa9	SHIELD	0	42	[[["ALLSK",2,2]],[["TABSK24",1,2]],[["ED",150,200]],[["FBR",30,30]],[["STAT20",30,30]],[["STR",15,25]],[["STAT3",15,25]],[["STAT119",30,30]],[["RES",40,40],["FRES",40,40],["LRES",40,40],["CRES",40,40],["PRES",40,40]]]
UNI	Bartuc's Cut-Throat	Cutthroat1	9tw	WEAPON	0	42	[[["CLSK6",2,2]],[["TABSK50",1,2]],[["ED",200,300]],[["FHR",30,30]],[["STAT119",20,20]],[["STR",20,20]],[["DEX",20,20]],[["STAT60",5,9]],[["MAXDMG",50,50],["MINDMG",25,25]]]
UNI	Jalal's Mane	Jalal's Mane	dra	HELM	0	42	[[["CLSK5",2,2]],[["TABSK41",1,2]],[["ED",150,200]],[["FHR",30,30]],[["STAT119",20,20]],[["STR",15,20]],[["STAT1",15,20]],[["STAT138",5,5]],[["RES",25,25],["FRES",25,25],["LRES",25,25],["CRES",25,25],["PRES",25,25]]]
UNI	The Scalper	The Scalper	9ta	WEAPON	0	57	[[["ED",200,250]],[["STAT119",25,25]],[["STAT501",500,700]],[["STAT135",33,33]],[["STAT60",4,6]],[["STAT138",4,4]]]
UNI	Bloodmoon	Bloodmoon	7sb	WEAPON	0	61	[[["ED",240,280]],[["STAT60",10,15]],[["OS85",12,12]],[["STAT86",7,13]],[["STAT135",50,50]],[["STAT501",450,450]]]
UNI	Djinn Slayer	Djinnslayer	7sm	WEAPON	0	65	[[["ED",190,240]],[["STAT49",500,500],["STAT48",250,250]],[["STAT121",200,250]],[["STAT123",200,300]],[["STAT145",3,7]],[["STAT62",3,6]],[["SOCK",2,3]],[["MULTI151,100",6,6]]]
UNI	Deathbit	Deathbit	9tk	WEAPON	0	44	[[["STAT141",40,40]],[["ED",180,230]],[["AR",200,450]],[["STAT60",7,9]],[["STAT62",4,6]],[["STAT256",15,15]]]
UNI	Warshrike	Warshrike	7bk	WEAPON	0	75	[[["ED",375,425]],[["STAT156",50,50]],[["IAS",30,30]],[["STAT141",50,50]],[["MULTI198,3112",1,1]],[["STAT257",25,25]]]
UNI	Gut Siphon	Gutsiphon	6rx	WEAPON	0	71	[[["ED",340,400]],[["STAT156",45,45]],[["STAT60",6,8]],[["STAT150",10,10]],[["STAT135",33,33]],[["STAT74",-30,-30]],[["STAT501",1450,1450]],[["MULTI198,5340",1,1]]]
UNI	Razor's Edge	Razoredge	7ha	WEAPON	0	67	[[["ED",225,300]],[["IAS",60,60]],[["STAT116",25,25]],[["STAT141",40,40]],[["STAT135",60,60]],[["STAT501",260,340]]]
UNI	Demon Limb	Demonlimb	7sp	WEAPON	0	63	[[["ED",180,230]],[["STAT49",333,333],["STAT48",222,222]],[["STAT60",7,13]],[["MULTI204,3351",1,1]],[["STAT121",123,123]],[["FRES",15,20]]]
UNI	Steel Shade	Steelshade	ulm	HELM	0	62	[[["ED",100,130]],[["STAT143",4,6]],[["STAT62",4,8]],[["STAT74",30,48]],[["ALLSK",2,2]],[["STAT20",20,20]],[["FBR",20,20]],[["GFIND",60,80]]]
UNI	Tomb Reaver	Tomb Reaver	7pa	WEAPON	0	84	[[["IAS",60,60]],[["STAT89",4,4]],[["ED",200,280]],[["STAT122",150,230]],[["MFIND",50,80]],[["RES",30,50],["FRES",30,50],["LRES",30,50],["CRES",30,50],["PRES",30,50]],[["STAT124",250,350]],[["STAT86",10,14]],[["SOCK",3,5]]]
UNI	Death's Web	Deaths's Web	7gw	WEAPON	1	66	[[["ALLSK",2,2]],[["STAT336",10,20]],[["STAT86",4,6]],[["STAT138",4,6]],[["TABSK17",2,3]]]
UNI	Nature's Peace	Nature's Peace	rin	rin	0	69	[[["STAT117",1,1]],[["STAT108",1,1]],[["STAT34",7,11]],[["STAT42",1,3]],[["MULTI204,14466",1,1]],[["STAT44",1,3]],[["STAT40",1,3]],[["STAT46",1,3]]]
UNI	Azurewrath	Azurewrath	7cr	WEAPON	0	85	[[["STAT53",650,650],["STAT52",500,500]],[["ED",280,320]],[["MULTI151,119",10,12]],[["STAT55",500,500],["STAT54",250,250]],[["IAS",30,30]],[["ALLATTRIB",5,10],["STR",5,10],["STAT1",5,10],["DEX",5,10],["STAT3",5,10]],[["STAT89",3,3]],[["ALLSK",2,2]],[["MULTI198,23775",1,1]]]
UNI	Seraph's Hymn	Seraph's Hymn	amu	amu	0	65	[[["ALLSK",2,2]],[["TABSK26",1,2]],[["STAT121",50,80]],[["STAT122",50,80]],[["STAT123",150,250]],[["STAT124",150,250]],[["STAT89",2,2]]]
UNI	Fleshripper	Fleshripper	7kr	WEAPON	0	68	[[["ED",225,275]],[["STAT116",50,50]],[["STAT257",25,25]],[["STAT136",25,25]],[["STAT135",50,50]],[["STAT141",30,30]],[["STAT501",300,360]],[["TABSK50",2,2]],[["STAT141",20,20]]]
UNI	Odium	Odium	7fb	WEAPON	0	80	[[["ED",250,290]],[["IAS",65,65]],[["STAT109",40,40]],[["MINDMG",65,65]],[["STAT91",-20,-20]],[["STAT54",600,600]],[["STAT55",900,900]],[["STAT139",10,15]],[["STAT335",20,30]]]
UNI	Horizon's Tornado	Horizon's Tornado	7fl	WEAPON	0	64	[[["ED",250,300]],[["IAS",50,50]],[["FCR",35,35]],[["MULTI198,15708",1,1]],[["SK240",4,6]],[["SK245",4,6]],[["MULTI200,15388",1,1]]]
UNI	Stone Crusher	Stone Crusher	7wh	WEAPON	0	68	[[["ED",240,280]],[["STR",20,30]],[["STAT136",40,40]],[["STAT425",10,15]],[["STAT120",-75,-75]],[["MINDMG",10,10]],[["MAXDMG",30,30]]]
UNI	Jade Talon	Jadetalon	7wb	WEAPON	0	66	[[["ED",240,320]],[["STAT62",10,15]],[["RES",30,50],["FRES",30,50],["LRES",30,50],["CRES",30,50],["PRES",30,50]],[["FHR",30,30]],[["TABSK49",2,3]],[["TABSK50",2,3]],[["FBR",30,30]]]
UNI	Shadow Dancer	Shadowdancer	uhb	BOOTS	0	71	[[["ED",70,100]],[["FRW",30,30]],[["FHR",30,30]],[["DEX",20,30]],[["TABSK49",1,2]],[["STAT91",-25,-25]],[["STAT504",20,20]]]
UNI	Cerebus' Bite	Cerebus	drb	HELM	0	63	[[["ED",130,140]],[["TABSK41",3,4]],[["STAT501",360,360]],[["STAT119",80,120]],[["STAT135",33,33]],[["SK232",1,2]],[["STAT141",33,33]],[["SK242",1,2]]]
UNI	Tyrael's Might	Tyrael's Might	uar	CHEST	0	84	[[["STAT91",-100,-100]],[["STAT152",1,1]],[["ED",120,150]],[["STAT122",200,250]],[["STAT121",200,250]],[["STAT153",1,1]],[["FRW",45,45]],[["RES",20,30],["FRES",20,30],["LRES",20,30],["CRES",20,30],["PRES",20,30]],[["STR",20,30]]]
UNI	Soul Drainer	Souldrain	umg	GLOVES	0	74	[[["ED",90,120]],[["STAT62",2,3]],[["STAT60",2,3]],[["STAT74",-30,-30]],[["STAT120",-50,-50]],[["STAT425",3,4]]]
UNI	Rune Master	Runemaster	72a	WEAPON	0	72	[[["ED",250,300]],[["SOCK",4,5]],[["STAT44",5,5]],[["STAT153",1,1]],[["IAS",40,40]],[["STAT504",20,20]]]
UNI	Death Cleaver	Deathcleaver	7wa	WEAPON	0	70	[[["ED",300,350]],[["STAT141",40,40]],[["STAT116",33,33]],[["IAS",40,40]],[["STAT86",6,9]],[["MINDMG",20,30]],[["STAT257",50,50]]]
UNI	Executioner's Justice	Executioner's Justice	7gi	WEAPON	0	75	[[["ED",285,335]],[["STAT136",50,50]],[["STAT116",33,33]],[["MULTI196,28569",1,1]],[["IAS",40,40]],[["STAT504",20,20]],[["ALLSK",3,3]]]
UNI	Stoneraven	Stoneraven	amd	WEAPON	0	64	[[["ED",330,380]],[["STAT53",187,187],["STAT52",101,101]],[["RES",30,50],["FRES",30,50],["LRES",30,50],["CRES",30,50],["PRES",30,50]],[["DEF",400,600]],[["TABSK2",3,4]],[["IAS",40,40]]]
UNI	Leviathan	Leviathan	uld	CHEST	0	65	[[["ED",170,200]],[["DEF",100,150]],[["STAT36",15,25]],[["STR",40,50]],[["STAT152",1,1]],[["STAT504",20,20]]]
UNI	Wisp Projector	Wisp	rin	rin	0	76	[[["STAT144",4,6]],[["ALLSK",1,1]],[["MFIND",10,15]],[["MULTI204,15106",1,1]],[["MULTI204,15746",1,1]]]
UNI	Gargoyle's Bite	Gargoyle's Bite	7ts	WEAPON	0	70	[[["ED",250,330]],[["STAT336",10,15]],[["MULTI126,5",2,3],["STAT365",2,3]],[["STAT60",9,15]]]
UNI	Lacerator	Lacerator	7b8	WEAPON	0	68	[[["ED",180,240]],[["MULTI198,28319",1,1]],[["IAS",30,30]],[["STAT117",1,1]],[["STAT135",33,33]],[["STAT501",450,450]]]
UNI	Mang Song's Lesson	Mang Song's Lesson	6ws	WEAPON	1	82	[[["ALLSK",5,5]],[["STAT333",12,20]],[["STAT334",12,20]],[["STAT335",12,20]],[["STAT27",20,30]],[["FCR",75,75]],[["MULTI200,28628",1,1]]]
UNI	Viperfork	Viperfork	7br	WEAPON	0	71	[[["ED",240,290]],[["STAT58",7168,7168],["STAT57",7168,7168]],[["IAS",60,60]],[["AR",200,250]],[["PRES",30,50]],[["STAT336",20,30]],[["MULTI126,5",4,5],["STAT365",4,5]],[["MULTI198,5344",1,1]]]
UNI	Ethereal Edge	Ethereal Edge	7ba	WEAPON	0	74	[[["ED",150,180]],[["IAS",45,45]],[["STAT143",10,12]],[["STAT121",150,200]],[["STAT139",10,20]],[["AR",270,350]],[["STAT152",1,1]]]
UNI	Demonhorn's Edge	Demonhorn's Edge	bad	HELM	0	61	[[["ED",120,160]],[["STAT135",20,20]],[["STAT34",18,24]],[["STAT78",900,1050]],[["STAT501",350,350]],[["CLSK4",2,3]],[["SK368",2,2]]]
UNI	The Reaper's Toll	The Reaper's Toll	7s8	WEAPON	0	75	[[["ED",190,290]],[["MULTI198,28319",1,1]],[["STAT115",1,1]],[["STAT60",11,15]],[["STAT91",-25,-25]],[["STAT141",33,33]],[["STAT55",44,44],["STAT54",4,4]]]
UNI	Spirit Keeper	Spiritkeeper	drd	HELM	0	67	[[["ED",170,190]],[["FHR",20,20]],[["STAT145",4,6]],[["FRES",20,30]],[["STAT46",5,8]],[["CLSK5",2,2]],[["STAT459",1,1]]]
UNI	Hellrack	Hellrack	6hx	WEAPON	0	76	[[["ED",180,230]],[["STAT48",63,63],["STAT49",324,324],["STAT50",63,63],["STAT51",324,324],["STAT54",63,63],["STAT55",324,324]],[["IAS",60,60]],[["STAT119",100,150]],[["SOCK",3,5]],[["MULTI126,1",4,5],["STAT363",4,5]],[["STAT333",20,20]]]
UNI	Alma Negra	Alma Negra	pac	SHIELD	0	77	[[["ED",180,210]],[["FBR",30,30]],[["ALLSK",2,2]],[["STAT20",20,20]],[["STAT35",10,18]],[["STAT119",100,150]],[["ED",160,200]],[["STAT465",13,13]]]
UNI	Darkforce Spawn	Darkforge Spawn	nef	SHIELD	0	64	[[["ED",140,180]],[["FCR",30,30]],[["STAT77",40,50]],[["FRES",50,50]],[["STAT368",1,1]],[["TABSK18",2,3]],[["TABSK16",2,3]],[["TABSK17",2,3]]]
UNI	Widowmaker	Widowmaker	6sw	WEAPON	0	65	[[["ED",275,350]],[["STAT141",33,33]],[["STAT115",1,1]],[["STAT157",11,11]],[["OS22",3,5]],[["OS12",3,5]],[["CLSK0",2,2]]]
UNI	Blood Raven's Charge	Bloodraven's Charge	amb	WEAPON	0	71	[[["ED",230,330]],[["STAT119",200,300]],[["STAT158",13,13]],[["ALLSK",2,3]],[["MULTI204,6095",1,1]],[["SK7",2,3]],[["STAT444",4,4]]]
UNI	Ghostflame	Ghostflame	7bl	WEAPON	0	62	[[["ED",280,340]],[["STAT115",1,1]],[["STAT49",316,316],["STAT48",208,208]],[["STAT62",10,15]],[["STAT152",1,1]],[["IAS",50,50]],[["STAT329",15,25]],[["STAT141",20,20]]]
UNI	Shadow Killer	Shadowkiller	7cs	WEAPON	0	78	[[["ED",170,270]],[["STAT116",25,25]],[["STAT134",2,2]],[["STAT138",4,8]],[["MULTI198,2840",1,1]],[["STAT152",1,1]],[["TABSK49",3,4]],[["FCR",20,20]]]
UNI	Gimmershred	Gimmershred	7ta	WEAPON	0	70	[[["ED",190,240]],[["STAT49",523,523],["STAT48",258,258]],[["STAT55",437,437],["STAT54",216,216]],[["STAT51",581,581],["STAT50",29,29]],[["IAS",30,30]]]
UNI	Griffon's Eye	Griffon's Eye	ci3	CIRC	0	76	[[["DEF",100,200]],[["FCR",25,25]],[["ALLSK",1,1]],[["STAT330",10,15]],[["STAT334",15,20]]]
UNI	Windhammer	Windhammer	7m7	WEAPON	0	68	[[["ED",230,280]],[["STAT136",50,50]],[["IAS",40,40]],[["MULTI198,15395",1,1]]]
UNI	Thunderstroke	Thunderstroke	amf	WEAPON	0	69	[[["ED",200,250]],[["STAT51",511,511],["STAT50",1,1]],[["MULTI198,3164",1,1]],[["IAS",15,15]],[["STAT334",10,10]],[["SK20",3,3]],[["TABSK2",2,3]]]
UNI	Demon's Arch	Demon's Arch	7s7	WEAPON	0	68	[[["ED",210,310]],[["STAT49",323,323],["STAT48",232,232]],[["STAT60",6,12]],[["STAT333",10,20]],[["IAS",30,30]],[["STAT51",666,666],["STAT50",1,1]],[["STAT334",10,20]]]
UNI	Boneflame	Boneflame	nee	SHIELD	0	72	[[["ED",120,150]],[["FRW",30,30]],[["MULTI201,4931",1,1]],[["CLSK2",2,2]],[["RES",20,30],["FRES",20,30],["LRES",20,30],["CRES",20,30],["PRES",20,30]],[["STAT86",4,8]],[["STAT36",10,20]]]
UNI	Steel Pillar	Steelpillar	7p7	WEAPON	0	69	[[["ED",210,260]],[["IAS",25,25]],[["STAT116",20,20]],[["ED",100,150]],[["STAT136",40,40]],[["STAT425",5,10]]]
UNI	Nightwing's Veil	Nightwing's Veil	uhm	HELM	0	67	[[["ED",90,120]],[["ALLSK",2,2]],[["DEX",10,20]],[["STAT149",5,9]],[["STAT118",1,1]],[["STAT331",5,10]],[["STAT91",-50,-50]],[["STAT335",5,10]]]
UNI	Crown of Ages	Crown of Ages	urn	HELM	0	82	[[["FHR",30,30]],[["RES",20,30],["FRES",20,30],["LRES",20,30],["CRES",20,30],["PRES",20,30]],[["STAT109",50,50]],[["DEF",100,150]],[["STAT152",1,1]],[["STAT36",10,15]],[["ED",50,50]],[["SOCK",2,3]]]
UNI	Andariel's Visage	Andariel's Visage	usk	HELM	0	83	[[["ED",100,150]],[["PRES",50,50]],[["ALLSK",2,2]],[["STAT46",5,5]],[["IAS",20,20]],[["STR",20,30]],[["MULTI201,5924",1,1]],[["STAT336",6,10]],[["STAT60",8,10]],[["FRES",-20,-20]]]
UNI	Dragonscale	Dragonscale	pae	SHIELD	0	80	[[["ED",170,200]],[["STAT36",15,25]],[["STAT40",4,6]],[["STR",25,25]],[["STAT49",371,371],["STAT48",211,211]],[["MULTI202,4013",1,1]],[["STAT329",15,20]],[["STAT20",20,20]]]
UNI	Steel Carapace	Steel Carapice	uul	CHEST	0	66	[[["ED",250,280]],[["FHR",40,40]],[["STAT34",19,24]],[["CRES",40,60]],[["MULTI201,28442",1,1]],[["ALLSK",1,2]],[["STAT78",1400,1600]]]
UNI	Medusa's Gaze	Medusa's Gaze	uow	SHIELD	0	76	[[["ED",150,180]],[["STAT150",20,20]],[["MULTI201,28622",1,1]],[["STAT60",5,9]],[["MULTI126,4",2,2],["STAT362",2,2]],[["CRES",40,80]],[["FCR",30,40]],[["STAT91",-25,-25]]]
UNI	Ravenlore	Ravenlore	dre	HELM	0	74	[[["ED",120,150]],[["RES",15,25],["FRES",15,25],["LRES",15,25],["CRES",15,25],["PRES",15,25]],[["TABSK42",3,3]],[["STAT1",20,30]],[["STAT333",10,20]],[["SK221",7,7]]]
UNI	Boneshade	Boneshade	7bw	WEAPON	1	79	[[["CLSK2",2,2]],[["FCR",25,25]],[["SK67",4,5]],[["SK68",4,5]],[["SK84",2,3]],[["SK93",2,2]],[["SK78",2,3]]]
UNI	Flamebellow	Flamebellow	7gs	WEAPON	0	71	[[["ED",170,240]],[["STAT49",482,482],["STAT48",233,233]],[["MULTI126,1",3,3],["STAT363",3,3]],[["IAS",40,40]],[["MULTI198,14422",1,1]],[["STR",10,20]],[["STAT3",5,10]],[["MULTI151,102",26,28]]]
UNI	Death's Fathom	Fathom	obf	WEAPON	1	73	[[["ALLSK",3,3]],[["STAT331",20,30]],[["FCR",20,20]],[["FRES",25,35]],[["LRES",25,35]],[["STAT86",3,6]]]
UNI	Wolfhowl	Wolfhowl	bac	HELM	0	79	[[["ED",120,150]],[["TABSK34",2,3]],[["STR",10,15]],[["DEX",10,15]],[["OS223",4,6]],[["OS237",12,15]],[["OS232",4,6]]]
UNI	Spirit Ward	Spirit Ward	uts	SHIELD	0	68	[[["ED",130,180]],[["STAT149",6,11]],[["RES",20,30],["FRES",20,30],["LRES",20,30],["CRES",20,30],["PRES",20,30]],[["STAT20",20,30]],[["FBR",25,25]],[["MULTI201,25034",1,1]]]
UNI	Kira's Guardian	Kira's Guardian	ci2	CIRC	0	77	[[["DEF",50,120]],[["RES",25,40],["FRES",25,40],["LRES",25,40],["CRES",25,40],["PRES",25,40]],[["STAT118",1,1]],[["FHR",20,20]],[["STAT334",10,15]],[["STAT335",10,15]],[["STAT333",10,15]]]
UNI	Ormus' Robes	Ormus' Robes	uui	CHEST	0	75	[[["DEF",100,200]],[["FCR",30,30]],[["STAT329",10,15]],[["STAT331",10,15]],[["STAT330",10,15]],[["STAT27",20,30]]]
UNI	Stormlash	Stormlash	7fl	WEAPON	0	82	[[["ED",300,340]],[["IAS",30,30]],[["MULTI198,2713",1,1]],[["MULTI198,15710",1,1]],[["STAT51",600,600],["STAT50",1,1]],[["STAT128",200,360]],[["STAT136",33,33]],[["STAT145",3,9]]]
UNI	Halaberd's Reign	Halaberd's Reign	bae	HELM	0	77	[[["ED",140,170]],[["TABSK33",2,2]],[["CLSK4",2,2]],[["FHR",20,20]],[["STAT36",10,15]],[["SK149",1,2]],[["SK146",1,2]]]
UNI	Spike Thorn	Spike Thorn	upk	SHIELD	0	70	[[["ED",120,150]],[["FHR",30,30]],[["STAT36",15,25]],[["MAXDMG",80,80],["MINDMG",50,50]]]
UNI	Dracul's Grasp	Dracul's Grasp	uvg	GLOVES	0	76	[[["ED",90,120]],[["STAT60",8,12]],[["STAT135",25,25]],[["STAT501",240,320]],[["STAT86",5,10]],[["STR",20,30]]]
UNI	Frostwind	Frostwind	7ls	WEAPON	0	70	[[["ED",220,270]],[["STAT134",4,4]],[["STAT118",1,1]],[["STAT55",486,486],["STAT54",237,237]],[["IAS",25,25]],[["MULTI151,105",6,6]],[["OS230",2,2]],[["MULTI126,4",2,3],["STAT362",2,3]]]
UNI	Templar's Might	Templar's Might	uar	CHEST	0	74	[[["ED",170,220]],[["FHR",20,20]],[["STAT32",250,300]],[["STR",20,30]],[["STAT3",20,30]],[["STAT504",20,20]],[["MULTI151,98",6,8]]]
UNI	Eschuta's Temper	Eschuta's temper	obc	WEAPON	1	72	[[["ALLSK",2,3]],[["FCR",40,40]],[["STAT329",10,20]],[["STAT330",10,20]],[["STAT1",20,30]],[["MULTI200,2969",1,1]],[["SK54",4,5]]]
UNI	Firelizard's Talons	Firelizard's Talons	7lw	WEAPON	0	67	[[["ED",230,270]],[["IAS",15,15]],[["STAT49",480,480],["STAT48",236,236]],[["FRES",30,50]],[["MULTI126,1",3,4],["STAT363",3,4]],[["STAT333",10,15]],[["MULTI202,2984",1,1]]]
UNI	Sandstorm Trek	Sandstorm Trek	uvb	BOOTS	0	64	[[["ED",140,170]],[["FRW",30,30]],[["FHR",20,20]],[["STAT46",4,4]],[["STAT78",480,540]],[["PRES",30,50]],[["STR",10,15]],[["STAT3",10,15]],[["STAT154",50,50]]]
UNI	Marrowwalk	Marrowwalk	umb	BOOTS	0	66	[[["ED",170,200]],[["FRW",20,20]],[["STAT28",10,10]],[["STAT27",10,20]],[["STAT153",1,1]],[["STR",10,20]],[["DEX",17,17]],[["OS69",1,2]]]
UNI	Heaven's Light	Heaven's Light	7sc	WEAPON	1	61	[[["ED",275,325]],[["IAS",20,20]],[["STAT116",33,33]],[["STAT89",3,3]],[["STAT139",15,20]],[["STAT136",33,33]],[["SOCK",2,3]],[["CLSK3",2,3]]]
UNI	Merman's Sprocket	Merman's Speed	ulb	BOOTS	0	45	[[["DEF",50,100]],[["FRW",60,60]],[["STAT27",10,20]],[["STAT154",50,50]],[["STAT54",40,40]],[["STAT55",80,80]]]
UNI	Arachnid Mesh	Arachnid Mesh	ulc	BELT	0	80	[[["ED",90,120]],[["FCR",10,10]],[["MULTI204,17795",1,1]],[["ALLSK",1,1]],[["STAT150",20,20]],[["STAT77",5,10]]]
UNI	Nosferatu's Coil	Nosferatu's Coil	uvc	BELT	0	51	[[["STR",10,15]],[["STAT138",2,2]],[["STAT150",10,10]],[["STAT60",3,6]],[["IAS",20,20]],[["STAT141",10,10]]]
UNI	Metalgrid	Metalgrid	amu	amu	0	81	[[["STAT78",750,1000]],[["RES",25,35],["FRES",25,35],["LRES",25,35],["CRES",25,35],["PRES",25,35]],[["AR",400,450]],[["OS90",25,25]],[["MULTI204,28428",1,1]],[["DEF",300,350]],[["OS79",20,20]]]
UNI	Verdungo's Hearty Cord	Verdugo's Hearty Cord	umc	BELT	0	63	[[["ED",90,140]],[["STAT3",30,40]],[["FHR",10,10]],[["STAT36",10,15]],[["STAT74",10,13]]]
UNI	Siggard's Staunch	Sigurd's Staunch	uhc	BELT	0	72	[[["ED",300,400]],[["OS145",4,6]],[["STAT136",20,20]],[["STAT154",50,50]],[["STAT76",5,8]]]
UNI	Carrion Wind	Carrion Wind	rin	rin	0	60	[[["STAT32",100,160]],[["STAT60",6,9]],[["PRES",40,55]],[["STAT78",180,300]],[["MULTI204,14219",1,1]],[["MULTI198,15390",1,1]],[["FRW",20,20]]]
UNI	Giant Skull	Giantskull	uh9	HELM	0	65	[[["DEF",250,320]],[["STR",25,35]],[["STAT136",25,25]],[["STAT156",25,35]],[["STAT81",1,1]],[["ED",60,80]]]
UNI	Astreon's Iron Ward	Ironward	7ws	WEAPON	1	60	[[["ED",240,290]],[["STAT150",15,15]],[["STAT119",150,200]],[["IAS",40,40]],[["STAT53",480,480],["STAT52",160,160]],[["STAT34",4,7]],[["STAT111",100,125]],[["TABSK24",3,4]],[["STAT136",33,33]]]
UNI	Arioc's Needle	Arioc's Needle	7sr	WEAPON	0	81	[[["ED",240,290]],[["STAT501",750,750]],[["STAT141",50,50]],[["STAT115",1,1]],[["ALLSK",4,5]],[["IAS",30,30]],[["STAT135",20,20]]]
UNI	Cranebeak	Cranebeak	7mp	WEAPON	0	63	[[["ED",240,300]],[["STAT51",305,305],["STAT50",1,1]],[["IAS",40,40]],[["STAT116",25,25]],[["MFIND",30,60]],[["SK221",4,6]]]
UNI	Nord's Tenderizer	Nord's Tenderizer	7cl	WEAPON	0	68	[[["ED",270,330]],[["STAT134",2,4]],[["IAS",25,25]],[["MULTI198,3808",1,1]],[["STAT119",150,180]],[["STAT148",5,15]],[["STAT55",455,455],["STAT54",205,205]]]
UNI	Earth Shifter	Earthshifter	7gm	WEAPON	0	69	[[["ED",250,300]],[["MULTI198,15004",1,1]],[["STAT136",33,33]],[["IAS",40,40]],[["MULTI196,15644",1,1]],[["MULTI126,1",3,4],["STAT363",3,4]],[["FCR",60,60]],[["STAT91",-25,-25]]]
UNI	Wraith Flight	Wraithflight	7gl	WEAPON	0	76	[[["ED",190,240]],[["STAT156",30,30]],[["STAT60",6,12]],[["STAT138",5,15]],[["STAT53",300,300],["STAT52",200,200]],[["STAT504",20,20]]]
UNI	Bonehew	Bonehew	7o7	WEAPON	0	64	[[["ED",270,320]],[["IAS",30,30]],[["MULTI204,4750",1,1]],[["MULTI198,5398",1,1]],[["STAT117",1,1]],[["SOCK",2,4]],[["STAT504",30,40]]]
UNI	Ondal's Wisdom	Ondal's Wisdom	6cs	WEAPON	1	66	[[["FCR",105,105]],[["STAT1",40,50]],[["ALLSK",4,5]],[["DEF",750,950]],[["STAT35",10,16]],[["MULTI200,532",1,1]]]
UNI	The Redeemer	The Reedeemer	7sc	WEAPON	1	72	[[["ED",250,300]],[["STAT121",200,250]],[["CLSK3",2,2]],[["STAT91",-60,-60]],[["SK124",2,4]],[["SK101",2,4]],[["STAT89",3,3]],[["STAT116",33,33]],[["STAT111",60,120]],[["SK119",2,4]]]
UNI	Head Hunter's Glory	Headhunter's Glory	ush	SHIELD	0	75	[[["DEF",320,420]],[["STAT32",300,350]],[["PRES",30,40]],[["SOCK",1,3]],[["FRES",20,30]],[["STAT86",5,7]],[["MULTI198,28319",1,1]],[["STAT504",20,30]]]
UNI	Steelrend	Steelrend	uhg	GLOVES	0	70	[[["DEF",170,210]],[["STR",15,20]],[["ED",60,80]],[["STAT136",10,20]],[["STAT268",10,20]]]
UNI	Itherael's Path	Itheraels Path	utb	BOOTS	0	85	[[["DEF",40,60]],[["FCR",20,20]],[["FRW",20,20]],[["DEX",10,15]],[["STAT3",10,15]],[["FHR",20,20]]]
UNI	Overlord's Helm	Overlords Helm	uh9	HELM	0	85	[[["STAT425",15,15]],[["STAT60",5,8]],[["DEF",460,680]],[["STR",20,30]],[["STAT504",-20,-20]],[["STAT3",15,15]],[["DEX",15,15]]]
UNI	Dark Abyss	Dark Abyss	uth	CHEST	0	85	[[["ED",150,250]],[["STAT86",4,6]],[["STAT138",4,6]],[["CRES",60,60]],[["FRES",-30,-30]],[["FCR",50,50]],[["ALLSK",1,1]],[["STAT91",-20,-20]]]
UNI	Aidan's Scar	Aidans Scar	7qr	WEAPON	0	85	[[["ED",440,480]],[["IAS",40,40]],[["TABSK49",4,4]],[["MINDMG",30,30]],[["STAT152",1,1]],[["MULTI198,28319",1,1]],[["STAT3",-20,-30]]]
UNI	Hadriel's Hand	Hadriels Hand	7bs	WEAPON	0	85	[[["ED",450,500]],[["IAS",30,30]],[["MULTI198,28638",1,1]],[["STAT49",750,750],["STAT48",400,400]],[["DEX",20,30]],[["STAT152",1,1]],[["MAXDMG",50,50]]]
UNI	True Silver	True Silver	am5	WEAPON	0	20	[[["ED",80,120]],[["MFIND",25,45]],[["IAS",40,40]],[["STAT136",10,15]]]
UNI	Quetzalcoatl	Quetzalcoatl	dr2	HELM	0	29	[[["ED",50,80]],[["CLSK5",1,2]],[["FCR",10,10]],[["STAT86",2,4]],[["CRES",10,25]],[["STAT460",50,50]]]
UNI	Cyclopean Roar	Cyclopean Roar	ba6	HELM	0	28	[[["ED",90,145]],[["STAT423",20,20]],[["FRW",20,20]],[["MULTI198,9350",1,1]],[["TABSK34",2,3]],[["STAT136",20,20]]]
UNI	Sankekur's Fall	Sankekur's Fall	pa3	SHIELD	0	29	[[["STAT55",90,90],["STAT54",55,55]],[["STAT49",120,120],["STAT48",40,40]],[["STAT51",185,185],["STAT50",1,1]],[["ED",120,165]],[["STAT35",2,5]],[["STAT115",1,1]],[["STAT86",2,4]]]
UNI	Mage Slayer	Mage Slayer	9ar	WEAPON	0	27	[[["SK275",2,2]],[["FHR",20,20]],[["MAXDMG",25,25],["MINDMG",10,10]],[["STR",10,15]],[["STAT89",6,6]],[["STAT36",10,15]]]
UNI	Kalan's Legacy	Kalans Legacy	ne6	SHIELD	0	26	[[["CLSK2",1,1]],[["DEF",40,75]],[["FBR",20,20]],[["STAT20",20,20]],[["SOCK",1,2]],[["MULTI151,115",4,6]]]
UNI	Tempest	Tempest	ob6	WEAPON	1	25	[[["ALLSK",1,2]],[["MULTI201,2828",1,1]],[["MANA",100,145]],[["FCR",30,30]],[["STAT27",20,30]],[["STAT77",20,20]],[["STAT507",16,16]]]
UNI	Band of Skulls	Band of Skulls	rbe	BELT	0	90	[[["ED",100,150]],[["MULTI201,4380",1,1]],[["MFIND",25,30]],[["STAT36",10,10]],[["SOCK",1,1]],[["STAT89",-4,-4]]]
UNI	Cage of the Unsullied	Cage of the Unsullied	rar	CHEST	0	90	[[["ED",200,300]],[["RES",15,20],["FRES",15,20],["LRES",15,20],["CRES",15,20],["PRES",15,20]],[["STAT89",-4,-8]],[["SOCK",6,6]]]
UNI	The Third Eye	The Third Eye	ram	amu	0	90	[[["ALLSK",1,1]],[["FCR",20,20]],[["STAT153",1,1]],[["STAT89",-4,-4]],[["MULTI200,25625",1,1]],[["STAT1",40,50]],[["SOCK",1,1]],[["STAT479",1,1]]]
UNI	Zerae's Resolve	Zeraes Resolve	ame	WEAPON	0	76	[[["CLSK0",3,4]],[["STAT209",38,38]],[["ED",270,315]],[["IAS",20,20]],[["OS378",5,5]],[["LRES",40,60]],[["STAT35",14,14]],[["TABSK1",3,3]]]
UNI	Occultist	Occultist	utg	GLOVES	0	70	[[["STAT113",1,1]],[["STAT109",25,35]],[["STAT77",25,35]],[["FCR",20,20]],[["ED",80,100]]]
UNI	Brimstone Rain	Brimstone Rain	6bs	WEAPON	1	80	[[["FCR",75,75]],[["FRES",50,75]],[["ALLSK",3,4]],[["LIFE",50,100]],[["SK56",3,3]],[["MULTI200,3619",1,1]],[["SK61",3,3]],[["STAT425",10,10]]]
UNI	Akarat's Devotion	Akarats Devotion	7qs	WEAPON	1	74	[[["CLSK3",2,2]],[["ED",240,270]],[["IAS",40,40]],[["SK112",3,4]],[["MFIND",25,25]],[["STAT74",10,15]],[["MULTI200,7203",1,1]]]
UNI	Martyrdom	Martyr	ned	SHIELD	0	68	[[["CLSK2",2,3]],[["ED",160,200]],[["FHR",35,35]],[["STAT504",20,30]],[["SK73",2,2]],[["STAT58",1793,1793],["STAT57",1538,1538]],[["STAT35",18,24]],[["MULTI198,4387",1,1]],[["STAT20",35,35]]]
UNI	Stalker's Cull	Stalkers Cull	7tw	WEAPON	0	65	[[["ED",230,280]],[["TABSK49",3,4]],[["STAT137",30,40]],[["STAT141",20,30]],[["SK275",2,2]],[["SK254",4,4]],[["STAT210",10,10]]]
UNI	Purgatory	Purgatory	utp	CHEST	0	75	[[["STAT20",20,20]],[["FBR",20,20]],[["STAT35",16,24]],[["MFIND",40,65]],[["ED",220,260]]]
UNI	Raekor's Virtue	Raekors Virtue	baf	HELM	0	78	[[["CLSK4",2,2]],[["SK140",2,3]],[["ED",140,180]],[["SK133",2,3]],[["STAT62",5,8]],[["DEX",20,30]],[["STAT368",1,1]],[["STAT504",25,25]],[["ED",40,60]]]
UNI	Ursa's Nightmare	Nightmares Feast	drf	HELM	0	42	[[["STAT117",1,1]],[["TABSK41",2,4]],[["ED",130,160]],[["FHR",40,40]],[["STAT76",30,35]],[["STAT74",-30,-30]],[["STAT488",25,25]]]
UNI	Zhar's Sanctum	Zhar the Mad Map	t51	?	0	80	[]
UNI	Warlord of Blood	Warlord of Blood Map	t52	?	0	80	[]
UNI	Akarat's Devotion	Akarats Devotion	7qs	WEAPON	1	74	[[["CLSK3",2,2]],[["ED",240,270]],[["IAS",40,40]],[["SK112",3,4]],[["MFIND",25,25]],[["STAT74",10,15]],[["MULTI198,7203",1,1]]]
UNI	Cyclopean Roar	Cyclopean Roar	ba6	HELM	0	28	[[["ED",90,145]],[["STAT423",20,20]],[["FRW",20,20]],[["MULTI200,9350",1,1]],[["TABSK34",2,3]],[["STAT136",20,20]]]
UNI	Fallen Gardens	Fallen Gardens Map	t53	?	0	80	[]
UNI	Uldyssian's Awakening	Uldyssian's Awakening	7st	WEAPON	0	74	[[["ED",230,270]],[["IAS",40,40]],[["STAT62",10,14]],[["STAT77",30,30]],[["STAT89",8,8]],[["STAT507",20,20]],[["CLSK0",3,4]]]
UNI	Leoric's Mithril Bane	Leoric's Mithril Blade	7cm	WEAPON	0	68	[[["CLSK3",3,4]],[["ED",260,320]],[["IAS",20,20]],[["STAT271",19,19]],[["STAT136",33,33]],[["STAT60",6,10]]]
UNI	Twilight's Reflection	Mirror Shield	urg	SHIELD	0	13	[[["MULTI202,16910",1,1]],[["STAT504",20,30]],[["STAT109",20,30]],[["LRES",35,35]],[["ED",140,180]],[["STAT20",20,20]],[["STAT425",10,10]]]
UNI	Wraithskin	Wraithskin	ung	CHEST	0	53	[[["STAT504",30,40]],[["IAS",20,20]],[["STAT210",10,10]],[["ED",130,130]],[["ED",60,100]],[["STAT86",4,6]],[["STAT257",25,25]]]
UNI	Titan's Grip	Titangrip	ulg	GLOVES	0	38	[[["STAT20",15,20]],[["ED",140,185]],[["FBR",20,20]],[["LRES",25,35]],[["STAT118",1,1]],[["STAT32",120,120]]]
UNI	Shatterblade	Shatterblade	7di	WEAPON	0	65	[[["ED",240,280]],[["STAT120",-100,-100]],[["MULTI126,4",2,2],["STAT362",2,2]],[["MINDMG",25,25]],[["MULTI196,23648",1,1]],[["STAT134",2,2]],[["STAT335",15,25]],[["MULTI198,2913",1,1]],[["STAT141",20,20]]]
UNI	Denmother	Denmother	drc	HELM	0	58	[[["ED",125,125]],[["CLSK5",2,2]],[["FCR",20,20]],[["GFIND",50,80]],[["SK247",2,3]],[["SOCK",2,3]],[["STAT74",25,35]],[["STAT509",2,2]],[["STAT510",10,10]],[["SK233",2,3]]]
UNI	Ebonbane	Ebonbane	amc	WEAPON	0	63	[[["SK29",2,3]],[["SK13",2,3]],[["STAT368",1,1]],[["FRW",30,30]],[["IAS",60,60]],[["ED",275,350]],[["TABSK1",4,5]],[["MULTI198,4624",1,1]],[["SK6",4,5]]]
UNI	Whispering Mirage	Whispering Mirage	7xf	WEAPON	0	68	[[["ED",160,220]],[["SK268",1,2]],[["SK279",1,2]],[["CLSK6",2,2]],[["FCR",10,10]],[["STAT192",1,1]],[["STAT425",5,8]],[["STAT122",200,250]]]
UNI	Skywarden	Skywarden	paf	SHIELD	0	77	[[["ED",135,170]],[["STAT20",30,30]],[["MULTI202,15075",1,1]],[["TABSK25",1,2]],[["CLSK3",2,2]],[["STAT136",20,20]],[["DEX",15,25]],[["CRES",75,75]],[["LRES",50,50]]]
UNI	Skorn	Skorn	ob7	WEAPON	1	27	[[["MINDMG",10,10]],[["MAXDMG",18,18]],[["STAT478",20,20]],[["TABSK8",2,3]],[["IAS",20,20]],[["STAT136",40,40]],[["STAT20",30,40]]]
UNI	Achilles Strike	Achilles Strike	9b8	WEAPON	0	51	[[["MINDMG",40,40]],[["MAXDMG",80,80]],[["STAT49",450,450],["STAT48",200,200]],[["SOCK",2,3]],[["TABSK32",2,3]],[["STAT150",30,40]],[["STR",20,30]],[["SK147",2,2]],[["SK152",2,2]]]
UNI	Wildspeaker	Wildspeaker	ba7	HELM	0	44	[[["ED",160,240]],[["CLSK4",1,2]],[["STAT77",25,25]],[["FCR",20,20]],[["STAT27",33,33]],[["SK138",2,3]],[["SK150",2,3]],[["FRES",50,50]],[["STAT3",10,20]]]
UNI	Fenris	Fenris	dr6	HELM	0	40	[[["DEF",160,220]],[["CLSK5",1,2]],[["STAT193",2,2]],[["SK227",2,2]],[["SK236",2,2]],[["STAT116",25,25]],[["STAT425",5,10]],[["DEX",20,30]]]
UNI	Sacred Totem	Sacred Totem	neg	SHIELD	0	64	[[["CLSK2",2,3]],[["ED",150,175]],[["SK66",2,2]],[["MULTI201,2482",1,1]],[["LRES",45,45]],[["STAT444",4,4]],[["SK91",2,2]]]
UNI	Imperial Palace	Imperial Palace Map	t54	?	0	80	[]
UNI	Outer Void	Outer Void Map	t55	?	0	80	[]
UNI	Balefire	Balefire	aqv	QUIVER	0	14	[[["STAT333",5,8]],[["STAT60",2,3]],[["MFIND",18,32]],[["STAT32",20,45]],[["STAT48",6,6]],[["STAT49",10,10]],[["MAXDMG",2,2]]]
UNI	Swiftwind Needle	Swiftwind Needle	aqv2	QUIVER	0	32	[[["FRW",20,30]],[["STAT120",-20,-30]],[["DEX",15,35]],[["CRES",50,50]],[["LRES",-25,-25]],[["MINDMG",12,12]],[["MAXDMG",14,14]]]
UNI	Tombsong	Tombsong	aqv2	QUIVER	0	36	[[["STAT156",20,40]],[["STAT122",50,100]],[["STAT124",125,175]],[["OS89",12,12]],[["STAT504",20,20]],[["STAT475",4,4]],[["MAXDMG",10,10]]]
UNI	Aetherwing	Aetherwing	aqv3	QUIVER	0	55	[[["IAS",40,40]],[["STAT51",775,775],["STAT50",1,1]],[["STAT334",15,25]],[["MULTI201,2728",1,1]],[["LRES",20,35]],[["STAT42",4,6]],[["MAXDMG",18,18]]]
UNI	Basilisk's Quill	Basilisk's Quill	aqv3	QUIVER	0	62	[[["CLSK0",2,2]],[["PRES",45,45]],[["STAT46",5,5]],[["STAT336",20,30]],[["GFIND",75,125]],[["STAT86",5,8]],[["STAT57",2767,2767]],[["STAT58",3275,3275]],[["STAT59",50,50]],[["MINDMG",30,40]],[["MAXDMG",0,0]]]
UNI	Doom's Finger	Doom's Finger	aqv3	QUIVER	0	68	[[["STAT141",20,30]],[["STAT210",10,10]],[["MAXDMG",60,80]],[["STAT118",1,1]],[["STAT35",12,12]],[["TABSK1",2,2]],[["STAT121",60,80]]]
UNI	Ramfodder	Ramfodder	cqv	QUIVER	0	8	[[["STAT81",1,1]],[["FHR",20,20]],[["IAS",10,10]],[["LIFE",10,25]],[["STAT28",20,20]],[["STAT425",2,2]]]
UNI	Anvilguard Strap	Anvilguard Strap	cqv2	QUIVER	0	34	[[["STAT36",10,18]],[["MULTI201,28319",1,1]],[["STAT117",1,1]],[["STAT156",20,20]],[["STAT78",400,500]],[["STAT89",2,4]],[["STAT425",4,4]]]
UNI	Shatterhead	Shatterhead	cqv2	QUIVER	0	47	[[["STAT136",20,30]],[["ED",30,40]],[["TABSK0",2,2]],[["STR",10,20]],[["STAT268",15,25]],[["DEF",145,145]],[["STAT425",4,4]]]
UNI	Abyssal Ward	Abyssal Ward	cqv3	QUIVER	0	60	[[["STAT425",10,14]],[["IAS",-20,-20]],[["STAT112",8,8]],[["RES",15,25],["FRES",15,25],["LRES",15,25],["CRES",15,25],["PRES",15,25]],[["STAT40",4,5]],[["STAT44",4,5]],[["STAT42",4,5]],[["STAT46",4,5]]]
UNI	Bannerlord's Call	Bannerlord's Call	cqv3	QUIVER	0	65	[[["FCR",20,20]],[["ALLSK",2,2]],[["OS17",2,3]],[["ALLATTRIB",8,14],["STR",8,14],["STAT1",8,14],["DEX",8,14],["STAT3",8,14]],[["STAT109",20,30]],[["OS8",2,3]],[["DTM",18,18]],[["STAT425",6,6]]]
UNI	Frozen Sorrow	Frozen Sorrow	cqv3	QUIVER	0	72	[[["STAT141",15,25]],[["MULTI126,4",3,3],["STAT362",3,3]],[["STAT62",4,5]],[["FRES",40,50]],[["STAT1",28,28]],[["STAT150",25,25]],[["STAT269",3,4]],[["STAT335",6,6]]]
UNI	Crackleshot	Crackleshot	6hb	WEAPON	0	72	[[["MULTI198,1305",1,1]],[["MULTI198,2268",1,1]],[["STAT51",600,600],["STAT50",100,100]],[["STAT138",5,5]],[["IAS",20,20]],[["ED",260,330]],[["SK32",2,3]],[["SK9",2,3]]]
UNI	City of Ureh	Ureh City Map	t56	?	0	80	[]
UNI	Arm of King Leoric	Arm of King Leoric	9bw	WEAPON	1	36	[[["CLSK2",2,2]],[["STAT74",24,32]],[["FCR",20,20]],[["STAT475",2,2]],[["SK89",2,3]],[["SK69",2,3]],[["SK70",2,3]]]
UNI	Nethercrux	Nethercrux	7yw	WEAPON	1	52	[[["FRW",20,20]],[["STAT462",2,2]],[["SK80",2,3]],[["SK95",3,4]],[["SK69",3,4]],[["PRES",40,50]],[["STAT110",75,75]],[["CLSK2",2,2]]]
UNI	Embersworn	Embersworn	obd	WEAPON	1	66	[[["MULTI126,1",4,4],["STAT363",4,4]],[["FCR",20,20]],[["SK47",2,2]],[["SK37",2,3]],[["SK58",4,5]],[["STAT77",20,30]],[["STAT153",1,1]],[["CRES",45,45]]]
UNI	Skyfall	Skyfall	obe	WEAPON	1	68	[[["MULTI126,2",3,3],["STAT364",3,3]],[["FCR",20,20]],[["SK42",2,3]],[["STAT334",10,20]],[["GFIND",30,50]],[["DEX",15,25]]]
UNI	Sage's Defiance	Sage's Defiance	uhl	HELM	0	58	[[["FCR",20,20]],[["STAT36",12,20]],[["ED",125,175]],[["STAT86",3,5]],[["DTM",45,45]],[["STAT89",-6,-6]]]
UNI	Djinn's Domain	Djinns Domain Map	t57	?	0	80	[]
UNI	Giant Maimer	Giant Maimer	7vo	WEAPON	0	75	[[["ED",175,225]],[["MINDMG",120,160]],[["STAT136",20,20]],[["STAT268",40,50]],[["SK146",3,4]],[["CLSK4",4,4]],[["MULTI198,9888",1,1]],[["STAT91",35,35]]]
UNI	Ephemeral	Ephemeral	pab	SHIELD	0	72	[[["ED",150,250]],[["STAT20",40,40]],[["TABSK24",3,4]],[["SK117",2,2]],[["STAT118",1,1]],[["ALLATTRIB",12,18],["STR",12,18],["STAT1",12,18],["DEX",12,18],["STAT3",12,18]],[["MULTI202,1104",1,1]],[["FCR",20,20]]]
UNI	Na-Krul's Abyss	Na-Krul's Abyss Map	t58	?	0	80	[]
SET	Civerb's Ward	Civerb's Ward	lrg	SHIELD	0	9	[[["DEF",30,60]],[["STAT20",30,30]]]
SET	Civerb's Icon	Civerb's Icon	amu	amu	0	9	[[["STAT27",40,40]],[["STAT74",10,20]]]
SET	Civerb's Cudgel	Civerb's Cudgel	gsc	WEAPON	1	9	[[["AR",75,75]],[["MAXDMG",17,23]]]
SET	Hsarus' Iron Heel	Hsarus' Iron Heel	mbt	BOOTS	0	3	[[["FRES",25,25]],[["FRW",20,20]]]
SET	Hsarus' Iron Fist	Hsarus' Iron Fist	buc	SHIELD	0	3	[[["STAT34",2,2]],[["STR",20,20]]]
SET	Hsarus' Iron Stay	Hsarus' Iron Stay	mbl	BELT	0	3	[[["CRES",20,20]],[["LIFE",20,20]]]
SET	Cleglaw's Tooth	Cleglaw's Tooth	lsd	WEAPON	0	4	[[["STAT119",30,30]],[["STAT141",50,50]]]
SET	Cleglaw's Claw	Cleglaw's Claw	sml	SHIELD	0	4	[[["DEF",17,17]],[["STAT110",75,75]]]
SET	Cleglaw's Pincers	Cleglaw's Pincers	mgl	GLOVES	0	4	[[["STAT81",1,1]],[["STAT150",25,25]],[["STAT57",52,52]],[["STAT58",52,52]],[["STAT59",75,75]]]
SET	Iratha's Collar	Iratha's Collar	amu	amu	0	15	[[["PRES",30,30]],[["STAT110",25,25]]]
SET	Iratha's Cuff	Iratha's Cuff	tgl	GLOVES	0	15	[[["CRES",20,20]],[["STAT118",1,1]],[["STAT156",20,20]]]
SET	Iratha's Coil	Iratha's Coil	crn	HELM	0	15	[[["FRES",30,30]],[["LRES",30,30]]]
SET	Iratha's Cord	Iratha's Cord	tbl	BELT	0	15	[[["DEF",25,25]],[["MINDMG",5,5]]]
SET	Isenhart's Lightbrand	Isenhart's Lightbrand	bsd	WEAPON	0	8	[[["MINDMG",10,10]],[["IAS",20,20]]]
SET	Isenhart's Parry	Isenhart's Parry	gts	SHIELD	0	8	[[["DEF",40,40]]]
SET	Isenhart's Case	Isenhart's Case	brs	CHEST	0	8	[[["DEF",40,40]],[["STAT35",2,4]]]
SET	Isenhart's Horns	Isenhart's Horns	fhl	HELM	0	8	[[["DEX",6,6]],[["STAT34",2,4]],[["MAXDMG",4,8]]]
SET	Vidala's Barb	Vidala's Barb	lbb	WEAPON	0	14	[[["STAT50",1,1]],[["STAT51",45,45]],[["ED",30,45]]]
SET	Vidala's Fetlock	Vidala's Fetlock	tbt	BOOTS	0	14	[[["FRW",30,30]]]
SET	Vidala's Ambush	Vidala's Ambush	lea	CHEST	0	14	[[["DEF",50,50]],[["DEX",15,25]]]
SET	Vidala's Snare	Vidala's Snare	amu	amu	0	14	[[["LIFE",25,25]],[["CRES",20,20]],[["STAT156",30,30]]]
SET	Milabrega's Orb	Milabrega's Orb	kit	SHIELD	0	17	[[["MFIND",20,60]],[["DEF",25,25]],[["LIFE",50,50]]]
SET	Milabrega's Rod	Milabrega's Rod	wsp	WEAPON	1	17	[[["CLSK3",1,1]],[["ED",50,50]],[["STAT89",2,2]],[["STAT55",55,55],["STAT54",35,35]]]
SET	Milabrega's Diadem	Milabrega's Diadem	crn	HELM	0	17	[[["LIFE",15,15]],[["MANA",15,15]],[["STAT55",35,35],["STAT54",25,25]]]
SET	Milabrega's Robe	Milabrega's Robe	aar	CHEST	0	17	[[["STAT78",13,13]],[["STAT34",2,2]],[["STAT55",35,35],["STAT54",25,25]],[["ED",60,100]]]
SET	Cathan's Rule	Cathan's Rule	bst	WEAPON	1	11	[[["MULTI126,1",1,2],["STAT363",1,2]],[["STAT49",10,10]],[["FCR",10,10]],[["MULTI200,2954",1,1]]]
SET	Cathan's Mesh	Cathan's Mesh	chn	CHEST	0	11	[[["DEF",15,15]],[["STAT91",-50,-50]],[["FRW",20,20]]]
SET	Cathan's Visage	Cathan's Visage	msk	HELM	0	11	[[["MANA",20,20]],[["CRES",25,25]],[["STAT62",3,5]]]
SET	Cathan's Sigil	Cathan's Sigil	amu	amu	0	11	[[["FHR",10,10]],[["LRES",20,30]]]
SET	Cathan's Seal	Cathan's Seal	rin	rin	0	11	[[["STAT60",6,6]],[["STAT34",2,2]]]
SET	Tancred's Crowbill	Tancred's Crowbill	mpi	WEAPON	0	20	[[["AR",100,175]],[["ED",60,80]],[["MANA",20,20]],[["MULTI195,2444",1,1]]]
SET	Tancred's Spine	Tancred's Spine	ful	CHEST	0	20	[[["LIFE",40,40]],[["STR",15,15]],[["ED",30,45]]]
SET	Tancred's Hobnails	Tancred's Hobnails	lbt	BOOTS	0	20	[[["STAT28",25,25]],[["DEX",10,20]],[["STAT36",5,10]]]
SET	Tancred's Weird	Tancred's Weird	amu	amu	0	20	[[["STAT34",3,6]],[["STAT35",2,4]],[["STAT51",45,45],["STAT50",1,1]]]
SET	Tancred's Skull	Tancred's Skull	bhm	HELM	0	20	[[["ED",20,30]],[["AR",80,80]]]
SET	Sigon's Gage	Sigon's Gage	hgl	GLOVES	0	6	[[["STR",10,10]],[["AR",20,20]]]
SET	Sigon's Visor	Sigon's Visor	ghm	HELM	0	6	[[["MANA",30,30]],[["DEF",25,25]]]
SET	Sigon's Shelter	Sigon's Shelter	gth	CHEST	0	6	[[["ED",25,25]],[["LRES",30,30]]]
SET	Sigon's Sabot	Sigon's Sabot	hbt	BOOTS	0	6	[[["FRW",20,20]],[["CRES",40,40]]]
SET	Sigon's Wrap	Sigon's Wrap	hbl	BELT	0	6	[[["FRES",20,20]],[["LIFE",20,20]]]
SET	Sigon's Guard	Sigon's Guard	tow	SHIELD	0	6	[[["ALLSK",1,1]],[["STAT20",20,20]],[["CRES",30,30]]]
SET	Infernal Cranium	Infernal Cranium	cap	HELM	0	5	[[["RES",10,10],["FRES",10,10],["LRES",10,10],["CRES",10,10],["PRES",10,10]],[["DTM",20,20]]]
SET	Infernal Spire	Infernal Spire	dgr	WEAPON	0	5	[[["MINDMG",8,8]],[["CLSK2",1,1]],[["STAT141",20,20]],[["STAT122",150,150]]]
SET	Infernal Sign	Infernal Sign	tbl	BELT	0	5	[[["DEF",25,25]],[["LIFE",20,20]]]
SET	Berserker's Headgear	Berserker's Headgear	hlm	HELM	0	3	[[["DEF",15,15]],[["FRES",25,25]]]
SET	Berserker's Hauberk	Berserker's Hauberk	spl	CHEST	0	3	[[["STAT35",2,2]],[["CLSK4",1,1]]]
SET	Berserker's Hatchet	Berserker's Hatchet	2ax	WEAPON	0	3	[[["STAT119",30,30]],[["STAT62",5,5]]]
SET	Death's Hand	Death's Hand	lgl	GLOVES	0	6	[[["PRES",50,50]],[["STAT110",45,45]]]
SET	Death's Guard	Death's Guard	lbl	BELT	0	6	[[["DEF",20,20]],[["STAT153",1,1]]]
SET	Death's Touch	Death's Touch	wsd	WEAPON	0	6	[[["ED",60,90]],[["STAT60",4,4]]]
SET	Angelic Sickle	Angelic Sickle	sbr	WEAPON	0	12	[[["AR",75,75]],[["STAT122",250,250]],[["MAXDMG",12,12]]]
SET	Angelic Mantle	Angelic Mantle	rng	CHEST	0	12	[[["STAT34",3,3]],[["ED",40,40]],[["STAT122",50,80]]]
SET	Angelic Halo	Angelic Halo	rin	rin	0	12	[[["STAT74",6,6]],[["LIFE",20,20]]]
SET	Angelic Wings	Angelic Wings	amu	amu	0	12	[[["STAT89",3,3]],[["DTM",20,20]]]
SET	Arctic Horn	Arctic Horn	swb	WEAPON	0	2	[[["STAT119",20,20]],[["ED",50,50]]]
SET	Arctic Furs	Arctic Furs	qui	CHEST	0	2	[[["ED",275,325]],[["RES",10,10],["FRES",10,10],["LRES",10,10],["CRES",10,10],["PRES",10,10]]]
SET	Arctic Binding	Arctic Binding	vbl	BELT	0	2	[[["CRES",40,40]],[["DEF",30,30]]]
SET	Arctic Mitts	Arctic Mitts	tgl	GLOVES	0	2	[[["LIFE",20,20]],[["IAS",10,10]]]
SET	Arcanna's Sign	Arcanna's Sign	amu	amu	0	15	[[["MANA",35,35]],[["STAT27",20,20]]]
SET	Arcanna's Deathwand	Arcanna's Deathwand	wst	WEAPON	1	15	[[["CLSK1",1,1]],[["STAT141",25,50]],[["ED",50,75]],[["FCR",10,10]],[["MULTI200,5378",1,1]]]
SET	Arcanna's Head	Arcanna's Head	skp	HELM	0	15	[[["STAT74",10,14]],[["STAT78",12,12]],[["STAT27",20,20]],[["MANA",30,40]]]
SET	Arcanna's Flesh	Arcanna's Flesh	ltp	CHEST	0	15	[[["STAT89",2,2]],[["STAT34",3,6]],[["FCR",10,10]]]
SET	Expansion	Expansion		?	0		[]
SET	Natalya's Totem	Natalya's Totem	xh9	HELM	0	59	[[["DEF",135,175]],[["DEX",25,30]],[["STR",15,20]],[["RES",10,20],["FRES",10,20],["LRES",10,20],["CRES",10,20],["PRES",10,20]],[["STAT35",3,6]]]
SET	Natalya's Mark	Natalya's Mark	7qr	WEAPON	0	79	[[["IAS",40,40]],[["ED",150,200]],[["STAT55",150,150],["STAT54",150,150]],[["STAT49",136,136],["STAT48",96,96]],[["STAT122",100,200]],[["STAT121",100,200]]]
SET	Natalya's Shadow	Natalya's Shadow	ucl	CHEST	0	73	[[["DEF",150,225]],[["TABSK49",2,3]],[["STAT110",75,75]],[["PRES",25,25]],[["SOCK",1,3]]]
SET	Natalya's Soul	Natalya's Soul	xmb	BOOTS	0	25	[[["DEF",75,125]],[["FRW",40,40]],[["CRES",15,25]],[["LRES",15,25]]]
SET	Aldur's Stony Gaze	Aldur's Stony Gaze	dr8	HELM	0	36	[[["DEF",90,90]],[["STAT27",17,17]],[["FHR",25,25]],[["CRES",40,50]],[["TABSK40",1,2]],[["CLSK5",1,2]]]
SET	Aldur's Deception	Aldur's Deception	uul	CHEST	0	76	[[["DEF",300,300]],[["TABSK41",1,2]],[["STR",20,20]],[["DEX",15,15]],[["LRES",40,50]],[["STAT91",-50,-50]],[["TABSK42",1,2]]]
SET	Aldur's Rhythm	Aldur's Gauntlet	9mt	WEAPON	0	42	[[["MAXDMG",62,62],["MINDMG",40,40]],[["STAT51",75,75],["STAT50",50,50]],[["STAT60",10,10]],[["IAS",45,45]],[["STAT121",200,250]],[["STAT62",5,5]],[["SOCK",2,3]],[["STAT122",100,200]]]
SET	Aldur's Advance	Aldur's Advance	xtb	BOOTS	0	45	[[["STAT152",1,1]],[["STAT28",32,32]],[["LIFE",50,50]],[["DTM",10,10]],[["FRW",40,40]],[["FRES",40,50]]]
SET	Immortal King's Will	Immortal King's Will	ba5	HELM	0	47	[[["DEF",125,125]],[["GFIND",37,67]],[["TABSK34",2,2]],[["STAT89",4,4]],[["MFIND",25,40]],[["SOCK",2,2]]]
SET	Immortal King's Soul Cage	Immortal King's Soul Cage 	uar	CHEST	0	76	[[["DEF",300,550]],[["MULTI201,3356",1,1]],[["TABSK32",3,4]],[["PRES",40,60]]]
SET	Immortal King's Detail	Immortal King's Detail	zhb	BELT	0	29	[[["DEF",28,56]],[["FRES",23,28]],[["LRES",26,33]],[["STR",20,25]]]
SET	Immortal King's Forge	Immortal King's Forge	xhg	GLOVES	0	30	[[["DEF",45,90]],[["STR",20,20]],[["DEX",20,20]],[["MULTI201,2456",1,1]]]
SET	Immortal King's Pillar	Immortal King's Pillar	xhb	BOOTS	0	31	[[["DEF",50,85]],[["FRW",40,40]],[["AR",90,140]],[["LIFE",38,54]]]
SET	Immortal King's Stone Crusher	Immortal King's Stone Crusher	7m7	WEAPON	0	76	[[["STAT152",1,1]],[["IAS",45,45]],[["STAT121",175,225]],[["STAT122",125,225]],[["STAT136",20,30]],[["ED",175,225]]]
SET	Tal Rasha's Fine-Spun Cloth	Tal Rasha's Fire-Spun Cloth	zmb	BELT	0	53	[[["STAT91",-20,-20]],[["MANA",20,40]],[["DEX",20,20]],[["DTM",37,37]],[["MFIND",10,20]]]
SET	Tal Rasha's Adjudication	Tal Rasha's Adjudication	amu	amu	0	67	[[["LRES",33,33]],[["CLSK1",2,2]],[["LIFE",40,60]],[["STAT51",32,32],["STAT50",3,3]],[["MANA",32,52]]]
SET	Tal Rasha's Lidless Eye	Tal Rasha's Lidless Eye	oba	WEAPON	1	65	[[["LIFE",57,57]],[["MANA",77,77]],[["STAT1",10,10]],[["FCR",30,30]],[["SK61",2,3]],[["SK63",2,3]],[["SK65",2,3]]]
SET	Tal Rasha's Guardianship	Tal Rasha's Howling Wind	uth	CHEST	0	71	[[["STAT91",-60,-60]],[["STAT35",12,18]],[["MFIND",70,90]],[["CRES",40,40]],[["FRES",40,40]],[["LRES",40,40]],[["DEF",400,400]]]
SET	Tal Rasha's Horadric Crest	Tal Rasha's Horadric Crest	xsk	HELM	0	66	[[["MANA",25,35]],[["LIFE",50,65]],[["DEF",45,45]],[["RES",10,20],["FRES",10,20],["LRES",10,20],["CRES",10,20],["PRES",10,20]],[["STAT60",6,10]],[["STAT62",6,10]]]
SET	Griswold's Valor	Griswold's Valor	urn	HELM	0	69	[[["ED",50,75]],[["SOCK",2,3]],[["STAT91",-40,-40]],[["MFIND",30,50]],[["RES",15,25],["FRES",15,25],["LRES",15,25],["CRES",15,25],["PRES",15,25]]]
SET	Griswold's Heart	Griswold's Heart	xar	CHEST	0	45	[[["DEF",500,500]],[["CLSK3",1,2]],[["SOCK",2,3]],[["STR",10,20]],[["STAT91",-40,-40]]]
SET	Griswold's Redemption	Griswolds's Redemption	7ws	WEAPON	1	53	[[["ED",200,240]],[["IAS",40,40]],[["STAT122",200,200]],[["STAT91",-20,-20]],[["SOCK",3,5]]]
SET	Griswold's Honor	Griswold's Honor	paf	SHIELD	0	68	[[["DEF",108,108]],[["SOCK",2,3]],[["FBR",65,65]],[["STAT20",20,20]],[["RES",35,45],["FRES",35,45],["LRES",35,45],["CRES",35,45],["PRES",35,45]],[["FCR",35,35]],[["TABSK26",2,2]]]
SET	Trang-Oul's Guise	Trang-Oul's Guise	uh9	HELM	0	65	[[["DEF",80,100]],[["FHR",25,25]],[["STAT78",420,620]],[["MANA",150,150]],[["STAT74",20,30]]]
SET	Trang-Oul's Scales	Trang-Oul's Scales	xul	CHEST	0	49	[[["STAT91",-40,-40]],[["STAT32",100,100]],[["PRES",40,40]],[["TABSK18",2,2]],[["SK367",2,3]],[["FRW",40,40]],[["ED",150,150]]]
SET	Trang-Oul's Wing	Trang-Oul's Wing	ne9	SHIELD	0	54	[[["DEF",125,125]],[["STR",20,28]],[["DEX",10,18]],[["FRES",38,45]],[["STAT20",30,30]],[["PRES",40,40]],[["TABSK17",2,2]]]
SET	Trang-Oul's Claws	Trang-Oul's Claws	xmg	GLOVES	0	45	[[["DEF",30,30]],[["FCR",20,20]],[["CRES",30,30]],[["TABSK16",2,2]],[["STAT332",10,15]]]
SET	Trang-Oul's Girth	Trang-Oul's Girth	utc	BELT	0	47	[[["DEF",75,100]],[["STAT74",10,20]],[["LIFE",56,76]],[["STAT153",1,1]],[["STAT91",-40,-40]],[["MANA",25,50]]]
SET	M'avina's True Sight	M'avina's True Sight	ci3	CIRC	0	59	[[["DEF",150,150]],[["STAT74",5,15]],[["IAS",30,30]],[["MANA",25,45]]]
SET	M'avina's Embrace	M'avina's Embrace	uld	CHEST	0	70	[[["MULTI201,3533",1,1]],[["STAT91",-30,-30]],[["STAT35",5,12]],[["CLSK0",1,2]],[["DEF",350,350]]]
SET	M'avina's Icy Clutch	M'avina's Icy Clutch	xtg	GLOVES	0	32	[[["DEF",45,50]],[["STAT55",36,36],["STAT54",12,12]],[["STAT153",1,1]],[["GFIND",56,56]],[["STR",8,12]],[["DEX",10,20]]]
SET	M'avina's Tenet	M'avina's Tenet	zvb	BELT	0	45	[[["DEF",50,50]],[["FRW",20,20]],[["STAT62",3,6]],[["STAT89",5,5]]]
SET	M'avina's Caster	M'avina's Caster	amc	WEAPON	0	70	[[["ED",230,288]],[["IAS",40,40]],[["AR",50,150]]]
SET	Telling of Beads	Telling of Beads	amu	amu	0	30	[[["PRES",35,50]],[["ALLSK",1,1]],[["CRES",18,18]],[["STAT78",24,30]]]
SET	Laying of Hands	Laying of Hands	ulg	GLOVES	0	63	[[["DEF",25,50]],[["IAS",20,20]],[["FRES",30,50]],[["STAT121",150,200]],[["MULTI198,6477",1,1]]]
SET	Rite of Passage	Rite of Passage	xlb	BOOTS	0	29	[[["DEF",25,25]],[["FRW",30,30]],[["STAT153",1,1]]]
SET	Dark Adherent	Spiritual Custodian	uui	CHEST	0	43	[[["DEF",305,415]],[["FRES",40,55]],[["MULTI201,3095",1,1]],[["STAT58",3482,3482],["STAT57",2458,2458]],[["STAT122",200,250]]]
SET	Credendum	Credendum	umc	BELT	0	65	[[["DEF",50,50]],[["STR",10,10]],[["DEX",10,10]],[["RES",15,15],["FRES",15,15],["LRES",15,15],["CRES",15,15],["PRES",15,15]]]
SET	Dangoon's Teaching	Dangoon's Teaching	7ma	WEAPON	0	68	[[["IAS",40,40]],[["MULTI198,2847",1,1]],[["STAT48",40,60]],[["STAT49",70,100]]]
SET	Taebaek's Glory	Heaven's Taebaek	uts	SHIELD	0	81	[[["DEF",300,500]],[["MANA",100,120]],[["LRES",25,30]],[["STAT78",380,560]],[["STAT152",1,1]],[["STAT20",25,25]],[["FBR",30,30]],[["FCR",40,40]]]
SET	Haemosu's Adamant	Haemosu's Adament	xrs	CHEST	0	44	[[["DEF",500,500]],[["STAT32",200,250]],[["LIFE",50,100]],[["STAT33",200,250]],[["STAT91",-20,-20]],[["ALLSK",1,1]]]
SET	Ondal's Almighty	Ondal's Almighty	uhm	HELM	0	69	[[["DEF",50,150]],[["STAT91",-15,-15]],[["MULTI198,4621",1,1]],[["STR",10,15]],[["DEX",10,20]],[["FHR",24,24]],[["ALLSK",1,2]]]
SET	Guillaume's Face	Guillaume's Face	xhm	HELM	0	34	[[["ED",120,120]],[["FHR",30,30]],[["STAT136",35,35]],[["STAT141",15,15]],[["STR",15,15]]]
SET	Wilhelm's Pride	Wilhelm's Pride	ztb	BELT	0	42	[[["ED",75,75]],[["STAT62",4,6]],[["CRES",10,20]],[["STAT60",4,6]]]
SET	Magnus' Skin	Magnus' Skin	xvg	GLOVES	0	37	[[["ED",50,50]],[["FRES",15,15]],[["IAS",20,20]],[["STAT89",3,3]],[["AR",100,100]],[["STAT156",20,20]]]
SET	Whitstan's Guard	Wihtstan's Guard	xml	SHIELD	0	29	[[["ED",175,175]],[["FBR",40,40]],[["STAT20",55,55]],[["STAT118",1,1]],[["STAT89",5,5]]]
SET	Hwanin's Splendor	Hwanin's Splendor	xrn	HELM	0	45	[[["STAT74",30,40]],[["STAT35",10,10]],[["CRES",37,37]],[["ED",100,150]],[["AR",200,350]]]
SET	Hwanin's Refuge	Hwanin's Refuge	xcl	CHEST	0	30	[[["DEF",200,200]],[["PRES",27,27]],[["LIFE",100,100]],[["MULTI201,2697",1,1]]]
SET	Hwanin's Blessing	Hwanin's Seal	mbl	BELT	0	35	[[["STAT51",330,330],["STAT50",3,3]],[["STAT117",1,1]],[["DTM",12,12]],[["STAT144",4,6]]]
SET	Hwanin's Justice	Hwanin's Justice	9vo	WEAPON	0	28	[[["AR",330,330]],[["STAT152",1,1]],[["MULTI198,2883",1,1]],[["IAS",40,40]],[["ED",200,250]],[["STAT51",25,25],["STAT50",5,5]]]
SET	Sazabi's Cobalt Redeemer	Sazabi's Cobalt Redeemer	7ls	WEAPON	0	73	[[["ED",150,250]],[["STAT55",250,250],["STAT54",175,175]],[["IAS",40,40]],[["STAT121",318,318]],[["STAT152",1,1]],[["DEX",15,15]],[["STR",5,5]]]
SET	Sazabi's Ghost Liberator	Sazabi's Ghost Liberator	upl	CHEST	0	67	[[["DEF",400,400]],[["FHR",30,30]],[["STR",25,25]],[["STAT123",300,300]],[["LIFE",50,75]],[["STAT121",100,150]]]
SET	Sazabi's Mental Sheath	Sazabi's Mental Sheath	xhl	HELM	0	43	[[["DEF",100,100]],[["ALLSK",1,1]],[["FRES",15,20]],[["LRES",15,20]]]
SET	Bul-Kathos' Sacred Charge	Bul-Kathos' Sacred Charge	7gd	WEAPON	0	61	[[["STAT136",35,35]],[["RES",20,20],["FRES",20,20],["LRES",20,20],["CRES",20,20],["PRES",20,20]],[["IAS",20,20]],[["ED",200,250]]]
SET	Bul-Kathos' Tribal Guardian	Bul-Kathos' Tribal Guardian	7fb	WEAPON	0	54	[[["CRES",50,50]],[["STAT58",2560,2560],["STAT57",2560,2560]],[["IAS",20,20]],[["STR",20,20]],[["ED",225,275]]]
SET	Bul-Kathos' Death Band	Bul-Kathos' Death Band	rin	rin	0	69	[[["ED",20,30]],[["AR",100,100]],[["LRES",15,25]],[["STAT36",6,8]]]
SET	Cow King's Horns	Cow King's Horns	xap	HELM	0	25	[[["DEF",75,75]],[["STAT153",1,1]],[["DTM",35,35]],[["STAT78",10,10]],[["ALLSK",1,1]]]
SET	Cow King's Hide	Cow King's Hide	stu	CHEST	0	18	[[["RES",15,25],["FRES",15,25],["LRES",15,25],["CRES",15,25],["PRES",15,25]],[["ED",60,60]],[["LIFE",30,30]],[["MULTI201,3397",1,1]]]
SET	Cow King's Hooves	Cow King's Hoofs	vbt	BOOTS	0	13	[[["DEF",25,35]],[["FRW",30,30]],[["MFIND",25,25]],[["DEX",20,20]],[["STAT49",35,35],["STAT48",25,25]]]
SET	Naj's Puzzler	Naj's Puzzler	6cs	WEAPON	1	78	[[["STAT1",35,35]],[["ED",150,150]],[["MULTI204,22849",1,1]],[["FCR",50,50]],[["STAT51",450,450],["STAT50",6,6]],[["MANA",70,70]],[["ALLSK",3,3]]]
SET	Naj's Light Plate	Naj's Light Plate	ult	CHEST	0	71	[[["STAT91",-60,-60]],[["LIFE",65,65]],[["RES",25,25],["FRES",25,25],["LRES",25,25],["CRES",25,25],["PRES",25,25]],[["DTM",45,45]],[["ALLSK",1,1]],[["DEF",300,300]]]
SET	Naj's Circlet	Naj's Circlet	ci0	CIRC	0	28	[[["DEF",75,75]],[["STAT49",35,35],["STAT48",25,25]],[["STAT89",5,5]],[["STR",15,15]],[["MULTI201,3397",1,1]],[["FCR",20,20]]]
SET	Sander's Paragon	McAuley's Paragon	cap	HELM	0	25	[[["MFIND",35,70]],[["STAT78",8,8]]]
SET	Sander's Riprap	McAuley's Riprap	vbt	BOOTS	0	20	[[["FRW",40,40]],[["AR",100,100]],[["STR",5,5]],[["DEX",10,10]]]
SET	Sander's Taboo	McAuley's Taboo	vgl	GLOVES	0	28	[[["DEF",20,25]],[["IAS",20,20]],[["LIFE",40,40]],[["STAT58",113,113],["STAT57",92,92]]]
SET	Sander's Superstition	McAuley's Superstition	bwn	WEAPON	1	25	[[["ED",75,75]],[["MANA",25,25]],[["STAT62",8,8]],[["FCR",20,20]],[["STAT55",75,75],["STAT54",25,25]]]
